"shipment_facility_current_name","shipment_facility_nexthop_name","shipment_service_tier","shipment_tms_cutoff","tracking_id_merchant","tracking_id_ekart","bag_facility_source_name","shipment_facility_source_name","fact_updated_at","shipment_cpd"
"MotherHub_YKB","MithanpuraHub_MZF","ECONOMY","19:00:00","H-81128304002721525","FMPP2016330514","CABTJalandharOPH_JLR_PL","MotherHub_YKB","2023-11-23T16:57:28.000+05:30","2023-11-27T02:59:59.000+05:30"
"MotherHub_YKB","Motherhub_JKS","ECONOMY","23:00:00","C-9734806634108457","FMPC3256312372","CABTJalandharOPH_JLR_PL","MotherHub_YKB","2023-11-23T16:02:17.000+05:30","2023-11-30T02:59:59.000+05:30"
"MotherHub_YKB","SaharsaHub_SHC","ECONOMY","20:00:00","A-71168051448016206","FMPC3254721127","YamunaNagarHub_YNR_PL","MotherHub_YKB","2023-11-23T14:13:42.000+05:30","2023-11-28T02:59:59.000+05:30"
"MotherHub_YKB","CABTNarayanpurODH_LDA","ECONOMY","06:00:00","E-13199038951668098","FMPP2021406809","BurariHub_DEL_PL","MotherHub_YKB","2023-11-23T10:08:26.000+05:30","2023-11-28T02:59:59.000+05:30"
"MotherHub_YKB","MotherHub_DEL","ECONOMY","12:30:00","E-36688903492207718","FMPC3252560504","BurariHub_DEL_PL","MotherHub_YKB","2023-11-23T08:07:22.000+05:30","2023-11-29T02:59:59.000+05:30"
"MotherHub_YKB","MotherHub_JJH","ECONOMY","09:00:00","C-68162924027041186","FMPC3257398110","Jhilmil_DEL_PL","MotherHub_YKB","2023-11-23T08:15:05.000+05:30","2023-11-29T02:59:59.000+05:30"
"MotherHub_YKB","Motherhub_ULB","ECONOMY","16:00:00","G-36875241778311758","FMPC3258790844","Pitampurahub_DEL_PL","MotherHub_YKB","2023-11-23T05:54:07.000+05:30","2023-11-28T02:59:59.000+05:30"
"MotherHub_YKB","RathbariHub_LDA","ECONOMY","06:00:00","E-47655436064302902","FMPC3258397119","WelcomeHub_DEL_PL","MotherHub_YKB","2023-11-23T09:43:48.000+05:30","2023-11-28T02:59:59.000+05:30"
"MotherHub_YKB","PupriHub_JNR","ECONOMY","19:00:00","C-81417333360237352","FMPC3255620355","CABTJalandharOPH_JLR_PL","MotherHub_YKB","2023-11-23T16:55:00.000+05:30","2023-12-01T02:59:59.000+05:30"
"MotherHub_YKB","RaiganjHub_RGJ","ECONOMY","06:00:00","C-72998570756520651","FMPC3258355667","SangamviharHub_DEL_PL","MotherHub_YKB","2023-11-23T07:50:33.000+05:30","2023-11-28T02:59:59.000+05:30"
"MotherHub_YKB","JainagarHub_MDH","ECONOMY","20:00:00","E-36879499843041906","FMPC3258805351","Firozabad_FZD_PL","MotherHub_YKB","2023-11-23T14:16:19.000+05:30","2023-12-01T02:59:59.000+05:30"
"MotherHub_YKB","KaliyaganjODH_KLJ","ECONOMY","06:00:00","B-29915472327887609","FMPC3255444147","RoorkeeHub_HRD_PL","MotherHub_YKB","2023-11-23T11:02:15.000+05:30","2023-11-29T02:59:59.000+05:30"
"MotherHub_YKB","SahebganjHub_SBG","ECONOMY","19:00:00","G-69993600699492995","FMPC3258486608","PanipatHub_PPT_PL","MotherHub_YKB","2023-11-23T13:17:30.000+05:30","2023-11-30T02:59:59.000+05:30"
"MotherHub_YKB","Motherhub_ULB","ECONOMY","16:00:00","C-75037687725760619","FMPC3257065887","MeerutHub_PL","MotherHub_YKB","2023-11-23T12:48:21.000+05:30","2023-11-29T02:59:59.000+05:30"
"MotherHub_YKB","SaharsaHub_SHC","ECONOMY","20:00:00","G-6584590866503183","FMPC3259306464","Firozabad_FZD_PL","MotherHub_YKB","2023-11-23T14:15:37.000+05:30","2023-12-01T02:59:59.000+05:30"
"MotherHub_YKB","Motherhub_CUT","ECONOMY","16:00:00","A-70674119135298944","FMPC3249595846","MotherHub_YKB","MotherHub_YKB","2023-11-22T17:02:29.000+05:30","2023-11-26T02:59:59.000+05:30"
"MotherHub_YKB","Motherhub_ULB","ECONOMY","16:00:00","C-64608216130312074","FMPC3255585504","CABTJalandharOPH_JLR_PL","MotherHub_YKB","2023-11-23T15:56:14.000+05:30","2023-11-29T02:59:59.000+05:30"
"MotherHub_YKB","BalurghatHub_BLT","ECONOMY","06:00:00","C-68179331477364748","FMPC3257729331","PaharganjHub_DEL_PL","MotherHub_YKB","2023-11-23T08:40:49.000+05:30","2023-11-28T02:59:59.000+05:30"
"MotherHub_YKB","DependoKaliachakODH_KTJ","ECONOMY","06:00:00","H-36899798409952870","FMPC3259092096","SangamviharHub_DEL_PL","MotherHub_YKB","2023-11-23T08:42:33.000+05:30","2023-11-29T02:59:59.000+05:30"
"MotherHub_YKB","FarrakaHub_NFK","ECONOMY","06:00:00","D-67972885176409434","FMPP2019712267","CABTJalandharOPH_JLR_PL","MotherHub_YKB","2023-11-23T16:41:13.000+05:30","2023-11-30T02:59:59.000+05:30"
"MotherHub_YKB","MotherHub_JJH","ECONOMY","09:00:00","D-6606548229027403","FMPC3258777858","PaharganjHub_DEL_PL","MotherHub_YKB","2023-11-23T09:46:25.000+05:30","2023-11-28T02:59:59.000+05:30"
"MotherHub_YKB","FarrakaHub_NFK","ECONOMY","06:00:00","E-13201697052774274","FMPC3259052766","PaharganjHub_DEL_PL","MotherHub_YKB","2023-11-23T12:09:22.000+05:30","2023-11-28T02:59:59.000+05:30"
"MotherHub_YKB","MotherHub_STV","ECONOMY","21:00:00","C-72905022035172940","FMPP2019680234","CABTJalandharOPH_JLR_PL","MotherHub_YKB","2023-11-23T16:52:58.000+05:30","2023-11-29T02:59:59.000+05:30"
"MotherHub_YKB","JamtaraHub_JMT","ECONOMY","03:00:00","A-26404199820135346","FMPC3253855200","BijwasanHub_DEL_PL","MotherHub_YKB","2023-11-23T08:24:21.000+05:30","2023-11-28T02:59:59.000+05:30"
"MotherHub_YKB","RaiganjHub_RGJ","ECONOMY","06:00:00","G-70034190150728452","FMPP2021830344","SangamviharHub_DEL_PL","MotherHub_YKB","2023-11-23T06:02:25.000+05:30","2023-11-28T02:59:59.000+05:30"
"MotherHub_YKB","Motherhub_HRN","ECONOMY","02:00:00","E-36849995146180654","FMPC3257294105","NarelaHub_DEL_PL","MotherHub_YKB","2023-11-23T10:06:30.000+05:30","2023-11-29T02:59:59.000+05:30"
"MotherHub_YKB","ChanchalHub_CHC","ECONOMY","06:00:00","F-58726429896523675","FMPC3257033916","SangamviharHub_DEL_PL","MotherHub_YKB","2023-11-23T06:03:17.000+05:30","2023-12-01T02:59:59.000+05:30"
"MotherHub_YKB","MotherHub_STV","ECONOMY","21:00:00","B-81503314324177406","FMPC3259147289","Chhatarpur_DEL_PL","MotherHub_YKB","2023-11-23T12:12:08.000+05:30","2023-11-28T02:59:59.000+05:30"
"MotherHub_YKB","Motherhub_GUW","ECONOMY","00:00:00","E-7877162095527161","FMPC3249931833","CABTJalandharOPH_JLR_PL","MotherHub_YKB","2023-11-22T07:50:12.000+05:30","2023-11-28T02:59:59.000+05:30"
"MotherHub_YKB","MotherHub_DEL","ECONOMY","12:30:00","E-31543267226869910","FMPP2022246532","SangamviharHub_DEL_PL","MotherHub_YKB","2023-11-23T09:35:29.000+05:30","2023-11-30T02:59:59.000+05:30"
"MotherHub_YKB","Motherhub_ULB","ECONOMY","16:00:00","C-6602175900338096","FMPP2021747563","FaridabadHub_DEL_PL","MotherHub_YKB","2023-11-23T14:14:32.000+05:30","2023-11-28T02:59:59.000+05:30"
"MotherHub_YKB","Motherhub_ULB","ECONOMY","16:00:00","C-58681064177775612","FMPC3255681185","CABTJalandharOPH_JLR_PL","MotherHub_YKB","2023-11-23T15:51:53.000+05:30","2023-11-29T02:59:59.000+05:30"
"MotherHub_YKB","ManikchakHub_LDA","ECONOMY","06:00:00","F-26525885246854179","FMPC3258213193","Phase3NoidaHub_DEL_PL","MotherHub_YKB","2023-11-23T12:58:08.000+05:30","2023-11-29T02:59:59.000+05:30"
"MotherHub_YKB","DependoKaliachakODH_KTJ","ECONOMY","06:00:00","H-36936927085820168","FMPC3259460016","PrahladPur_DEL_PL","MotherHub_YKB","2023-11-23T06:00:27.000+05:30","2023-11-28T02:59:59.000+05:30"
"MotherHub_YKB","RaiganjHub_RGJ","ECONOMY","06:00:00","B-6607304697535909","FMPC3257933474","PaharganjHub_DEL_PL","MotherHub_YKB","2023-11-23T09:39:22.000+05:30","2023-11-28T02:59:59.000+05:30"
"MotherHub_YKB","MotherHub_JJH","ECONOMY","09:00:00","C-6603541261905216","FMPC3259147629","PaharganjHub_DEL_PL","MotherHub_YKB","2023-11-23T05:51:33.000+05:30","2023-11-30T02:59:59.000+05:30"
"MotherHub_YKB","MotherHub_JJH","ECONOMY","09:00:00","H-58754455322163691","FMPC3259004809","PaharganjHub_DEL_PL","MotherHub_YKB","2023-11-23T08:47:19.000+05:30","2023-11-29T02:59:59.000+05:30"
"MotherHub_YKB","MotherHub_JJH","ECONOMY","09:00:00","C-81554935003028798","FMPC3259141230","PaharganjHub_DEL_PL","MotherHub_YKB","2023-11-23T08:13:48.000+05:30","2023-11-28T02:59:59.000+05:30"
"MotherHub_YKB","Motherhub_CUT","ECONOMY","16:00:00","F-31210114937554681","FMPC3249232993","CABTJalandharOPH_JLR_PL","MotherHub_YKB","2023-11-23T16:10:25.000+05:30","2023-11-27T02:59:59.000+05:30"
"MotherHub_YKB","ManikchakHub_LDA","ECONOMY","06:00:00","C-31521091036319544","FMPC3258549209","Pitampurahub_DEL_PL","MotherHub_YKB","2023-11-23T05:54:23.000+05:30","2023-11-28T02:59:59.000+05:30"
"MotherHub_YKB","MotherHub_STV","ECONOMY","21:00:00","B-68176843723242641","FMPC3258000020","SahibabadHub_DEL_PL","MotherHub_YKB","2023-11-23T03:18:39.000+05:30","2023-11-27T02:59:59.000+05:30"
"MotherHub_YKB","MotherHub_DEL","ECONOMY","03:30:00","H-69995411476832246","FMPC3259305103","BawanaHub_DEL_PL","MotherHub_YKB","2023-11-23T12:03:57.000+05:30","2023-11-30T02:59:59.000+05:30"
"MotherHub_YKB","GangarampurHub_GRM","ECONOMY","06:00:00","A-54892777265317683","FMPC3258661823","Firozabad_FZD_PL","MotherHub_YKB","2023-11-23T12:28:45.000+05:30","2023-11-29T02:59:59.000+05:30"
"MotherHub_YKB","FarrakaHub_NFK","ECONOMY","06:00:00","B-6662478561548416","FMPC3259516947","Britania_DEL_PL","MotherHub_YKB","2023-11-23T12:01:43.000+05:30","2023-11-28T02:59:59.000+05:30"
"MotherHub_YKB","KaliyaganjODH_KLJ","ECONOMY","06:00:00","B-47682465157494768","FMPC3258671754","UttamNagarHub_DEL_PL","MotherHub_YKB","2023-11-23T07:49:05.000+05:30","2023-11-28T02:59:59.000+05:30"
"MotherHub_YKB","CABTNarayanpurODH_LDA","ECONOMY","06:00:00","A-31554031540196012","FMPC3258665331","Firozabad_FZD_PL","MotherHub_YKB","2023-11-23T12:08:45.000+05:30","2023-11-29T02:59:59.000+05:30"
"MotherHub_YKB","Motherhub_SAI_4","ECONOMY","21:00:00","B-70038614772881310","FMPC3258836013","Britania_DEL_PL","MotherHub_YKB","2023-11-23T12:32:21.000+05:30","2023-11-28T02:59:59.000+05:30"
"MotherHub_YKB","MotherHub_HJR","ECONOMY","19:00:00","F-68170934181929634","FMPC3258633075","PanipatHub_PPT_PL","MotherHub_YKB","2023-11-23T11:41:51.000+05:30","2023-11-29T02:59:59.000+05:30"
"MotherHub_YKB","RaiganjHub_RGJ","ECONOMY","06:00:00","A-9768902159397870","FMPC3258188479","Phase3NoidaHub_DEL_PL","MotherHub_YKB","2023-11-23T09:59:45.000+05:30","2023-11-28T02:59:59.000+05:30"
"MotherHub_YKB","Motherhub_HRN","ECONOMY","02:00:00","A-24796406824829683","FMPC3204954016","BawanaHub_DEL_PL","MotherHub_YKB","2023-11-21T16:12:37.000+05:30","2023-11-08T02:59:59.000+05:30"
"MotherHub_YKB","MotherHub_SIL","ECONOMY","00:00:00","B-47681207565333198","FMPC3258352092","ChanakyapuriHub_DEL_PL","MotherHub_YKB","2023-11-23T07:41:26.000+05:30","2023-12-02T02:59:59.000+05:30"
"MotherHub_YKB","Motherhub_ABD","ECONOMY","23:00:00","G-75123388828134169","FMPP2021796640","PanipatHub_PPT_PL","MotherHub_YKB","2023-11-23T12:05:45.000+05:30","2023-11-28T02:59:59.000+05:30"
"MotherHub_YKB","Motherhub_SAI_4","ECONOMY","21:00:00","B-35134051231313013","FMPP1983500793","BulandshahrHub_BUR_PL","MotherHub_YKB","2023-11-22T13:11:26.000+05:30","2023-11-09T02:59:59.000+05:30"
"MotherHub_YKB","CABTDarbhangaSplitODH_DBG","ECONOMY","20:00:00","C-36775822422255794","FMPC3255067124","CABTJalandharOPH_JLR_PL","MotherHub_YKB","2023-11-23T15:34:01.000+05:30","2023-11-29T02:59:59.000+05:30"
"MotherHub_YKB","Motherhub_HRN","ECONOMY","02:00:00","F-70993035523131707","FMPC3254679300","FaridabadHub_DEL_PL","MotherHub_YKB","2023-11-22T09:58:18.000+05:30","2023-11-27T02:59:59.000+05:30"
"MotherHub_YKB","MotherHub_DEL","ECONOMY","12:30:00","C-64649260446835864","FMPC3259313328","Motibaghhub_DEL_PL","MotherHub_YKB","2023-11-23T09:32:11.000+05:30","2023-11-29T02:59:59.000+05:30"
"MotherHub_YKB","MotherHub_DEL","ECONOMY","12:30:00","B-47677329990324311","FMPC3257332635","WelcomeHub_DEL_PL","MotherHub_YKB","2023-11-23T12:43:14.000+05:30","2023-11-30T02:59:59.000+05:30"
"MotherHub_YKB","MotherHub_SIL","ECONOMY","00:00:00","G-74299854805798436","FMPC3239156378","AdarshNagarHub_DEL_PL","MotherHub_YKB","2023-11-22T09:02:49.000+05:30","2023-11-21T02:59:59.000+05:30"
"MotherHub_YKB","MotherHub_JJH","ECONOMY","09:00:00","C-68165141091881311","FMPC3257398609","Jhilmil_DEL_PL","MotherHub_YKB","2023-11-23T08:47:29.000+05:30","2023-11-28T02:59:59.000+05:30"
"MotherHub_YKB","MotherHub_STV","ECONOMY","21:00:00","H-36264038760856506","FMPP2014748895","CABTJalandharOPH_JLR_PL","MotherHub_YKB","2023-11-23T16:09:52.000+05:30","2023-11-25T02:59:59.000+05:30"
"MotherHub_YKB","SimriHub_SHC","ECONOMY","20:00:00","C-71217376269705008","FMPC3255590246","CABTJalandharOPH_JLR_PL","MotherHub_YKB","2023-11-23T15:49:52.000+05:30","2023-11-29T02:59:59.000+05:30"
"MotherHub_YKB","Motherhub_CUT","ECONOMY","16:00:00","F-29758053591101601","FMPC3258187630","PanipatHub_PPT_PL","MotherHub_YKB","2023-11-23T14:15:05.000+05:30","2023-11-30T02:59:59.000+05:30"
"MotherHub_YKB","Motherhub_JKS","ECONOMY","23:00:00","A-8089578707043776","FMPC3253858812","CABTJalandharOPH_JLR_PL","MotherHub_YKB","2023-11-23T12:10:06.000+05:30","2023-11-28T02:59:59.000+05:30"
"MotherHub_YKB","RaiganjHub_RGJ","ECONOMY","06:00:00","G-36913318395506521","FMPC3258475843","ModelTownHub_DEL_PL","MotherHub_YKB","2023-11-23T08:38:36.000+05:30","2023-11-28T02:59:59.000+05:30"
"MotherHub_YKB","Motherhub_JKS","ECONOMY","23:00:00","C-58482086340510945","FMPC3252324677","CABTJalandharOPH_JLR_PL","MotherHub_YKB","2023-11-23T15:32:40.000+05:30","2023-11-28T02:59:59.000+05:30"
"MotherHub_YKB","Motherhub_ULB","ECONOMY","16:00:00","C-71073471113615398","FMPC3254707805","CABTJalandharOPH_JLR_PL","MotherHub_YKB","2023-11-23T16:45:40.000+05:30","2023-11-30T02:59:59.000+05:30"
"MotherHub_YKB","Motherhub_JKS","ECONOMY","23:00:00","C-58668046147458730","FMPC3254987366","CABTJalandharOPH_JLR_PL","MotherHub_YKB","2023-11-23T16:04:50.000+05:30","2023-11-29T02:59:59.000+05:30"
"MotherHub_YKB","Motherhub_ULB","ECONOMY","16:00:00","C-31358446589485954","FMPC3252337271","CABTJalandharOPH_JLR_PL","MotherHub_YKB","2023-11-23T16:34:44.000+05:30","2023-11-28T02:59:59.000+05:30"
"MotherHub_YKB","EnglishBazarHub_LDA","ECONOMY","06:00:00","B-71196741841757454","FMPC3256534615","MoradabadHub_MRD_PL","MotherHub_YKB","2023-11-23T07:41:55.000+05:30","2023-11-30T02:59:59.000+05:30"
"MotherHub_YKB","CABTRajmahalaODH_RJL","ECONOMY","06:00:00","C-6526648230467039","FMPC3257030913","MeerutHub_PL","MotherHub_YKB","2023-11-23T12:34:48.000+05:30","2023-11-30T02:59:59.000+05:30"
"MotherHub_YKB","Motherhub_ULB","ECONOMY","16:00:00","G-9767310463522880","FMPC3258568359","Motibaghhub_DEL_PL","MotherHub_YKB","2023-11-23T02:12:59.000+05:30","2023-11-30T02:59:59.000+05:30"
"MotherHub_YKB","RaiganjHub_RGJ","ECONOMY","06:00:00","C-9751662884375641","FMPC3259318321","Motibaghhub_DEL_PL","MotherHub_YKB","2023-11-23T09:31:50.000+05:30","2023-11-28T02:59:59.000+05:30"
"MotherHub_YKB","RaiganjHub_RGJ","ECONOMY","06:00:00","F-36033651553685301","FMPC3258789194","Firozabad_FZD_PL","MotherHub_YKB","2023-11-23T12:32:36.000+05:30","2023-12-01T02:59:59.000+05:30"
"MotherHub_YKB","MotherHub_PUNE","ECONOMY","22:00:00","A-13086931548144835","FMPP2020730275","Motibaghhub_DEL_PL","MotherHub_YKB","2023-11-22T08:25:02.000+05:30","2023-11-26T02:59:59.000+05:30"
"MotherHub_YKB","MotherHub_JJH","ECONOMY","09:00:00","C-13261674127938774","FMPC3258567212","Pitampurahub_DEL_PL","MotherHub_YKB","2023-11-23T05:55:09.000+05:30","2023-11-28T02:59:59.000+05:30"
"MotherHub_YKB","MotherHub_STV","ECONOMY","21:00:00","F-31614971904979118","FMPP2022100793","Britania_DEL_PL","MotherHub_YKB","2023-11-23T12:31:08.000+05:30","2023-11-26T02:59:59.000+05:30"
"MotherHub_YKB","RathbariHub_LDA","ECONOMY","06:00:00","H-81482750362965326","FMPC3257740723","Pitampurahub_DEL_PL","MotherHub_YKB","2023-11-23T05:59:21.000+05:30","2023-11-28T02:59:59.000+05:30"
"MotherHub_YKB","EnglishBazarHub_LDA","ECONOMY","06:00:00","E-71198300507573758","FMPC3258988137","Motibaghhub_DEL_PL","MotherHub_YKB","2023-11-23T08:30:11.000+05:30","2023-11-28T02:59:59.000+05:30"
"MotherHub_YKB","MotherHub_JJH","ECONOMY","09:00:00","G-8134859868238697","FMPC3257382706","PrahladPur_DEL_PL","MotherHub_YKB","2023-11-23T09:05:19.000+05:30","2023-11-27T02:59:59.000+05:30"
"MotherHub_YKB","ChanchalHub_CHC","ECONOMY","06:00:00","B-8286138286378449","FMPC3257385054","PanipatHub_PPT_PL","MotherHub_YKB","2023-11-23T16:38:30.000+05:30","2023-12-08T02:59:59.000+05:30"
"MotherHub_YKB","MotherHub_PUNE","ECONOMY","22:00:00","A-29857305647997512","FMPC3255941637","KarnalHub_KAL_PL","MotherHub_YKB","2023-11-23T13:09:02.000+05:30","2023-11-27T02:59:59.000+05:30"
"MotherHub_YKB","Motherhub_PLS","ECONOMY","21:00:00","B-26690305574281590","FMPC3257335634","WelcomeHub_DEL_PL","MotherHub_YKB","2023-11-23T12:43:34.000+05:30","2023-12-03T02:59:59.000+05:30"
"MotherHub_YKB","RaiganjHub_RGJ","ECONOMY","06:00:00","D-75148945855330409","FMPC3259338806","ShalimarGardenHub_DEL_PL","MotherHub_YKB","2023-11-23T07:49:33.000+05:30","2023-11-28T02:59:59.000+05:30"
"MotherHub_YKB","CABTRajmahalaODH_RJL","ECONOMY","06:00:00","C-29859207010320213","FMPC3254950635","MeerutHub_PL","MotherHub_YKB","2023-11-23T12:28:02.000+05:30","2023-11-30T02:59:59.000+05:30"
"MotherHub_YKB","MotherHub_DEL","ECONOMY","12:30:00","G-64655864109058752","FMPC3259031890","SangamviharHub_DEL_PL","MotherHub_YKB","2023-11-23T10:28:10.000+05:30","2023-11-28T02:59:59.000+05:30"
"MotherHub_YKB","FarrakaHub_NFK","ECONOMY","06:00:00","A-8343100545189413","FMPP2022152302","BurariHub_DEL_PL","MotherHub_YKB","2023-11-23T04:48:09.000+05:30","2023-11-28T02:59:59.000+05:30"
"MotherHub_YKB","Motherhub_GUW","ECONOMY","00:00:00","B-70029763138545968","FMPC3259054070","ChanakyapuriHub_DEL_PL","MotherHub_YKB","2023-11-23T13:02:04.000+05:30","2023-12-03T02:59:59.000+05:30"
"MotherHub_YKB","Motherhub_ULB","ECONOMY","16:00:00","H-27008943506348764","FMPP2021143830","PanipatHub_PPT_PL","MotherHub_YKB","2023-11-23T14:15:13.000+05:30","2023-11-29T02:59:59.000+05:30"
"MotherHub_YKB","MotherHub_HJR","ECONOMY","19:00:00","E-29961693835250047","FMPP2022000362","BijwasanHub_DEL_PL","MotherHub_YKB","2023-11-23T14:15:11.000+05:30","2023-11-29T02:59:59.000+05:30"
"MotherHub_YKB","FarrakaHub_NFK","ECONOMY","06:00:00","A-71199017118162065","FMPC3258403123","SangamviharHub_DEL_PL","MotherHub_YKB","2023-11-23T12:29:00.000+05:30","2023-11-30T02:59:59.000+05:30"
"MotherHub_YKB","MotherHub_JJH","ECONOMY","09:00:00","D-58771926309295732","FMPC3258496690","Jhilmil_DEL_PL","MotherHub_YKB","2023-11-23T12:25:45.000+05:30","2023-11-28T02:59:59.000+05:30"
"MotherHub_YKB","MadhubaniHub_MBI","ECONOMY","20:00:00","D-8179050959039383","FMPP2019206794","BulandshahrHub_BUR_PL","MotherHub_YKB","2023-11-23T13:54:19.000+05:30","2023-11-29T02:59:59.000+05:30"
"MotherHub_YKB","MotherHub_DEL","ECONOMY","12:30:00","F-64702840436669910","FMPP2021949523","SangamviharHub_DEL_PL","MotherHub_YKB","2023-11-23T09:27:41.000+05:30","2023-11-27T02:59:59.000+05:30"
"MotherHub_YKB","Motherhub_JKS","ECONOMY","23:00:00","C-75063361987914911","FMPC3255582003","CABTJalandharOPH_JLR_PL","MotherHub_YKB","2023-11-23T16:44:49.000+05:30","2023-11-30T02:59:59.000+05:30"
"MotherHub_YKB","BalurghatHub_BLT","ECONOMY","06:00:00","G-64524664735564864","FMPP2021239411","PrahladPur_DEL_PL","MotherHub_YKB","2023-11-23T09:36:42.000+05:30","2023-11-28T02:59:59.000+05:30"
"MotherHub_YKB","SaharsaHub_SHC","ECONOMY","20:00:00","G-69989746135917249","FMPC3258672901","Firozabad_FZD_PL","MotherHub_YKB","2023-11-23T14:14:54.000+05:30","2023-11-29T02:59:59.000+05:30"
"MotherHub_YKB","Motherhub_JKS","ECONOMY","23:00:00","C-36814217009255054","FMPC3255585003","CABTJalandharOPH_JLR_PL","MotherHub_YKB","2023-11-23T16:03:06.000+05:30","2023-12-01T02:59:59.000+05:30"
"MotherHub_YKB","Motherhub_GUW","ECONOMY","00:00:00","E-36517785093665506","FMPC3249926832","CABTJalandharOPH_JLR_PL","MotherHub_YKB","2023-11-22T07:50:12.000+05:30","2023-12-09T02:59:59.000+05:30"
"MotherHub_YKB","Motherhub_SAI_4","ECONOMY","21:00:00","F-70013783213064803","FMPC3259576035","JasolaHub_DEL_PL","MotherHub_YKB","2023-11-23T06:09:04.000+05:30","2023-11-27T02:59:59.000+05:30"
"MotherHub_YKB","Motherhub_ULB","ECONOMY","16:00:00","E-71113512458702625","FMPC3257980245","MeerutHub_PL","MotherHub_YKB","2023-11-23T14:16:11.000+05:30","2023-12-01T02:59:59.000+05:30"
"MotherHub_YKB","KaliyaganjODH_KLJ","ECONOMY","06:00:00","F-69739373059070225","FMPC3254217898","CABTJalandharOPH_JLR_PL","MotherHub_YKB","2023-11-23T16:12:21.000+05:30","2023-11-28T02:59:59.000+05:30"
"MotherHub_YKB","GangarampurHub_GRM","ECONOMY","06:00:00","E-6505635809905199","FMPC3258158538","SonepatHub_SOP_PL","MotherHub_YKB","2023-11-23T15:36:04.000+05:30","2023-11-29T02:59:59.000+05:30"
"MotherHub_YKB","Motherhub_ULB","ECONOMY","16:00:00","E-31522677781955852","FMPP2020550917","CABTJalandharOPH_JLR_PL","MotherHub_YKB","2023-11-23T16:09:44.000+05:30","2023-11-30T02:59:59.000+05:30"
"MotherHub_YKB","Motherhub_GUW","ECONOMY","00:00:00","SCRC0000080056","SCRC0000080056","ShahdaraHub_DEL_PL","MotherHub_YKB","2023-11-21T14:02:44.000+05:30","2023-11-29T20:18:55.000+05:30"
"MotherHub_YKB","ChanchalHub_CHC","ECONOMY","06:00:00","B-29874201827211968","FMPC3256770907","RoorkeeHub_HRD_PL","MotherHub_YKB","2023-11-23T10:26:00.000+05:30","2023-11-29T02:59:59.000+05:30"
"MotherHub_YKB","MotherHub_DEL","ECONOMY","12:30:00","F-31576742164943854","FMPP2021816994","Phase3NoidaHub_DEL_PL","MotherHub_YKB","2023-11-23T12:04:36.000+05:30","2023-11-28T02:59:59.000+05:30"
"MotherHub_YKB","MotherHub_JJH","ECONOMY","09:00:00","G-69691844159568312","FMPC3250237831","VasundharaHub_DEL_PL","MotherHub_YKB","2023-11-22T16:40:54.000+05:30","2023-11-27T02:59:59.000+05:30"
"MotherHub_YKB","MotherHub_JJH","ECONOMY","09:00:00","F-6572778901771767","FMPC3258398413","Jhilmil_DEL_PL","MotherHub_YKB","2023-11-23T09:02:56.000+05:30","2023-11-27T02:59:59.000+05:30"
"MotherHub_YKB","MotherHub_DEL","ECONOMY","12:30:00","F-9831453150303993","FMPP2022564604","SangamviharHub_DEL_PL","MotherHub_YKB","2023-11-23T09:57:08.000+05:30","2023-11-27T02:59:59.000+05:30"
"MotherHub_YKB","PanchanandapurHub_PCD","ECONOMY","06:00:00","B-29983888134527666","FMPC3258654629","SangamviharHub_DEL_PL","MotherHub_YKB","2023-11-23T09:30:07.000+05:30","2023-11-28T02:59:59.000+05:30"
"MotherHub_YKB","Motherhub_ULB","ECONOMY","16:00:00","H-71273336714527427","FMPC3257369838","Britania_DEL_PL","MotherHub_YKB","2023-11-23T04:48:35.000+05:30","2023-11-28T02:59:59.000+05:30"
"MotherHub_YKB","MotherHub_JJH","ECONOMY","09:00:00","C-9819300330768866","FMPC3258520964","Jhilmil_DEL_PL","MotherHub_YKB","2023-11-23T09:11:24.000+05:30","2023-11-29T02:59:59.000+05:30"
"MotherHub_YKB","JarangHub_JRG","ECONOMY","19:00:00","F-71355739808561432","FMPP2022491230","PanipatHub_PPT_PL","MotherHub_YKB","2023-11-23T13:26:04.000+05:30","2023-11-30T02:59:59.000+05:30"
"MotherHub_YKB","EnglishBazarHub_LDA","ECONOMY","06:00:00","H-36902018952070361","FMPC3258781313","Motibaghhub_DEL_PL","MotherHub_YKB","2023-11-23T07:17:45.000+05:30","2023-11-28T02:59:59.000+05:30"
"MotherHub_YKB","Motherhub_ULB","ECONOMY","16:00:00","C-71124271422234021","FMPC3255687405","CABTJalandharOPH_JLR_PL","MotherHub_YKB","2023-11-23T15:56:50.000+05:30","2023-11-29T02:59:59.000+05:30"
"MotherHub_YKB","CABTRajmahalaODH_RJL","ECONOMY","06:00:00","F-6605867014977845","FMPP2021993317","PanipatHub_PPT_PL","MotherHub_YKB","2023-11-23T12:15:47.000+05:30","2023-12-01T02:59:59.000+05:30"
"MotherHub_YKB","GangarampurHub_GRM","ECONOMY","06:00:00","G-70033545417838282","FMPP2021822841","SangamviharHub_DEL_PL","MotherHub_YKB","2023-11-23T07:51:37.000+05:30","2023-11-28T02:59:59.000+05:30"
"MotherHub_YKB","MotherHub_DEL","ECONOMY","12:30:00","D-36864409905660437","FMPC3258472559","ModelTownHub_DEL_PL","MotherHub_YKB","2023-11-23T10:02:54.000+05:30","2023-11-29T02:59:59.000+05:30"
"MotherHub_YKB","MotherHub_JJH","ECONOMY","09:00:00","G-72996533214494483","FMPP2022549889","PaharganjHub_DEL_PL","MotherHub_YKB","2023-11-23T08:38:30.000+05:30","2023-11-30T02:59:59.000+05:30"
"MotherHub_YKB","PanchanandapurHub_PCD","ECONOMY","06:00:00","C-71081353051179542","FMPC3254716180","CABTJalandharOPH_JLR_PL","MotherHub_YKB","2023-11-23T16:00:48.000+05:30","2023-11-29T02:59:59.000+05:30"
"MotherHub_YKB","Motherhub_ULB","ECONOMY","16:00:00","F-54900068171193277","FMPP2021989882","Firozabad_FZD_PL","MotherHub_YKB","2023-11-23T14:13:17.000+05:30","2023-11-29T02:59:59.000+05:30"
"MotherHub_YKB","Motherhub_ULB","ECONOMY","16:00:00","F-58498922948399147","FMPC3254196816","CABTJalandharOPH_JLR_PL","MotherHub_YKB","2023-11-23T16:13:24.000+05:30","2023-11-28T02:59:59.000+05:30"
"MotherHub_YKB","FarrakaHub_NFK","ECONOMY","06:00:00","G-70039788245970980","FMPC3258407081","PanipatHub_PPT_PL","MotherHub_YKB","2023-11-23T11:57:30.000+05:30","2023-11-29T02:59:59.000+05:30"
"MotherHub_YKB","Motherhub_ULB","ECONOMY","16:00:00","C-26478640776565484","FMPC3255600978","CABTJalandharOPH_JLR_PL","MotherHub_YKB","2023-11-23T16:32:30.000+05:30","2023-11-29T02:59:59.000+05:30"
"MotherHub_YKB","Motherhub_ULB","ECONOMY","16:00:00","E-6501460933925432","FMPC3255717355","Rohinihub_DEL_PL","MotherHub_YKB","2023-11-22T09:05:01.000+05:30","2023-11-27T02:59:59.000+05:30"
"MotherHub_YKB","CABTRajmahalaODH_RJL","ECONOMY","06:00:00","F-8362321458619690","FMPC3259384140","Britania_DEL_PL","MotherHub_YKB","2023-11-23T08:34:23.000+05:30","2023-12-01T02:59:59.000+05:30"
"MotherHub_YKB","DependoKaliachakODH_KTJ","ECONOMY","06:00:00","E-36886719321956919","FMPC3257621660","ChanakyapuriHub_DEL_PL","MotherHub_YKB","2023-11-23T06:00:05.000+05:30","2023-11-28T02:59:59.000+05:30"
"MotherHub_YKB","Motherhub_RAC","ECONOMY","17:00:00","B-26495415987126699","FMPC3257553820","KarolbaghHub_DEL_PL","MotherHub_YKB","2023-11-23T03:43:04.000+05:30","2023-12-01T02:59:59.000+05:30"
"MotherHub_YKB","JhilmilMPHub_DEL","REGULAR","10:00:00","R-506969200","FMPR0455996160","MotherHub_HYP","MotherHub_YKB","2023-11-22T05:24:03.000+05:30","1970-01-01T05:30:00.000+05:30"
"MotherHub_YKB","MotherHub_DEL","ECONOMY","12:30:00","F-47743512512211027","FMPC3259104414","SangamviharHub_DEL_PL","MotherHub_YKB","2023-11-23T09:51:36.000+05:30","2023-11-27T02:59:59.000+05:30"
"MotherHub_YKB","Motherhub_PLS","ECONOMY","21:00:00","H-69745337736760773","FMPC3252410760","Motibaghhub_DEL_PL","MotherHub_YKB","2023-11-21T12:44:24.000+05:30","2023-11-28T02:59:59.000+05:30"
"MotherHub_YKB","MotherHub_SIL","ECONOMY","00:00:00","B-8286680151195266","FMPC3257265865","NehruPlaceHub_DEL_PL","MotherHub_YKB","2023-11-23T13:13:37.000+05:30","2023-11-29T02:59:59.000+05:30"
"MotherHub_YKB","MotherHub_DEL","ECONOMY","12:30:00","F-81557528437590822","FMPC3259463445","Phase3NoidaHub_DEL_PL","MotherHub_YKB","2023-11-23T13:07:20.000+05:30","2023-11-28T02:59:59.000+05:30"
"MotherHub_YKB","MotherHub_JJH","ECONOMY","09:00:00","G-69903327539999024","FMPC3257897197","PrahladPur_DEL_PL","MotherHub_YKB","2023-11-23T09:37:10.000+05:30","2023-11-29T02:59:59.000+05:30"
"MotherHub_YKB","MotherHub_STV","ECONOMY","21:00:00","G-6477903150226995","FMPP2018870676","PanipatHub_PPT_PL","MotherHub_YKB","2023-11-21T17:53:37.000+05:30","2023-11-27T02:59:59.000+05:30"
"MotherHub_YKB","Motherhub_JKS","ECONOMY","23:00:00","A-71203905881278076","FMPC3256085414","AligarhHub_ALG_PL","MotherHub_YKB","2023-11-23T03:24:52.000+05:30","2023-11-29T02:59:59.000+05:30"
"MotherHub_YKB","MotherHub_SIL","ECONOMY","00:00:00","B-36911291943471180","FMPP2021694221","BurariHub_DEL_PL","MotherHub_YKB","2023-11-23T07:40:53.000+05:30","2023-11-28T02:59:59.000+05:30"
"MotherHub_YKB","CABTNarayanpurODH_LDA","ECONOMY","06:00:00","E-73022432196832118","FMPC3257881162","Jhilmil_DEL_PL","MotherHub_YKB","2023-11-23T09:11:55.000+05:30","2023-11-28T02:59:59.000+05:30"
"MotherHub_YKB","Motherhub_ABD","ECONOMY","23:00:00","E-29620966413677400","FMPP2016029231","AligarhHub_ALG_PL","MotherHub_YKB","2023-11-21T15:49:57.000+05:30","2023-11-24T02:59:59.000+05:30"
"MotherHub_YKB","MotherHub_DEL","ECONOMY","12:30:00","G-47689949352212234","FMPC3257942043","BudhViharHub_DEL_PL","MotherHub_YKB","2023-11-23T13:03:10.000+05:30","2023-12-03T02:59:59.000+05:30"
"MotherHub_YKB","JamnagarHub_QGR","ECONOMY","16:00:00","H-75093747411270532","FMPC3258041863","DasnaHub_DEL_PL","MotherHub_YKB","2023-11-23T04:17:04.000+05:30","2023-11-27T02:59:59.000+05:30"
"MotherHub_YKB","Motherhub_PAT_BTS","ECONOMY","20:00:00","C-13276068342032134","FMPC3259519721","ShalimarGardenHub_DEL_PL","MotherHub_YKB","2023-11-23T03:32:32.000+05:30","2023-11-28T02:59:59.000+05:30"
"MotherHub_YKB","Motherhub_RAC","ECONOMY","17:00:00","C-9772987734211975","FMPP2022282478","MundkaHub_DEL_PL","MotherHub_YKB","2023-11-23T01:15:29.000+05:30","2023-11-30T02:59:59.000+05:30"
"MotherHub_YKB","MotherHub_JJH","ECONOMY","09:00:00","F-58807877439996397","FMPC3258765697","Firozabad_FZD_PL","MotherHub_YKB","2023-11-23T13:32:24.000+05:30","2023-11-28T02:59:59.000+05:30"
"MotherHub_YKB","RaiganjHub_RGJ","ECONOMY","06:00:00","G-64713758630107435","FMPC3259364134","PaharganjHub_DEL_PL","MotherHub_YKB","2023-11-23T08:02:20.000+05:30","2023-11-28T02:59:59.000+05:30"
"MotherHub_YKB","MotherHub_HJR","ECONOMY","19:00:00","B-47539446549166859","FMPC3253514660","CABTJalandharOPH_JLR_PL","MotherHub_YKB","2023-11-22T11:32:35.000+05:30","2023-11-28T02:59:59.000+05:30"
"MotherHub_YKB","MotherHub_JJH","ECONOMY","09:00:00","D-36892086828101681","FMPP2022434336","NehruPlaceHub_DEL_PL","MotherHub_YKB","2023-11-23T05:58:15.000+05:30","2023-12-01T02:59:59.000+05:30"
"MotherHub_YKB","Motherhub_SAI_4","ECONOMY","21:00:00","E-36913930467556130","FMPP2022016379","NehruPlaceHub_DEL_PL","MotherHub_YKB","2023-11-23T05:57:11.000+05:30","2023-11-27T02:59:59.000+05:30"
"MotherHub_YKB","KalawadRoadHub_RAJ","ECONOMY","16:00:00","F-36873947289030269","FMPP2021126830","SangamviharHub_DEL_PL","MotherHub_YKB","2023-11-22T09:36:50.000+05:30","2023-11-26T02:59:59.000+05:30"
"MotherHub_YKB","RaiganjHub_RGJ","ECONOMY","06:00:00","F-47671088934694143","FMPC3258956696","PaharganjHub_DEL_PL","MotherHub_YKB","2023-11-23T10:07:06.000+05:30","2023-11-29T02:59:59.000+05:30"
"MotherHub_YKB","MotherHub_STV","ECONOMY","21:00:00","F-6594517385491006","FMPC3259602608","JasolaHub_DEL_PL","MotherHub_YKB","2023-11-23T06:09:48.000+05:30","2023-11-28T02:59:59.000+05:30"
"MotherHub_YKB","MotherHub_JJH","ECONOMY","09:00:00","F-54878352233609703","FMPC3257395614","ShalimarGardenHub_DEL_PL","MotherHub_YKB","2023-11-23T08:32:51.000+05:30","2023-11-27T02:59:59.000+05:30"
"MotherHub_YKB","ChanchalHub_CHC","ECONOMY","06:00:00","D-6568788393757277","FMPP2021391525","BurariHub_DEL_PL","MotherHub_YKB","2023-11-23T08:44:15.000+05:30","2023-11-28T02:59:59.000+05:30"
"MotherHub_YKB","Motherhub_ULB","ECONOMY","16:00:00","C-72734796228854522","FMPC3252337192","CABTJalandharOPH_JLR_PL","MotherHub_YKB","2023-11-23T15:38:41.000+05:30","2023-11-28T02:59:59.000+05:30"
"MotherHub_YKB","MotherHub_STV","ECONOMY","21:00:00","H-71303746925672005","FMPP2021635891","MundkaHub_DEL_PL","MotherHub_YKB","2023-11-23T02:23:04.000+05:30","2023-11-28T02:59:59.000+05:30"
"MotherHub_YKB","MotherHub_DEL","ECONOMY","12:30:00","C-58801477872353301","FMPP2022246368","AdarshNagarHub_DEL_PL","MotherHub_YKB","2023-11-23T12:08:19.000+05:30","2023-11-29T02:59:59.000+05:30"
"MotherHub_YKB","MotherHub_SIL","ECONOMY","00:00:00","H-12949025696013962","FMPC3253010354","HissarHub_HSS_PL","MotherHub_YKB","2023-11-22T21:47:55.000+05:30","2023-12-02T02:59:59.000+05:30"
"MotherHub_YKB","ManikchakHub_LDA","ECONOMY","06:00:00","A-26005497287168502","FMPC3245679389","KaithalHub_KTL_PL","MotherHub_YKB","2023-11-23T07:34:42.000+05:30","2023-11-25T02:59:59.000+05:30"
"MotherHub_YKB","MotherHub_DEL","ECONOMY","12:30:00","F-6596801645557256","FMPC3258857423","Motibaghhub_DEL_PL","MotherHub_YKB","2023-11-23T03:57:23.000+05:30","2023-12-01T02:59:59.000+05:30"
"MotherHub_YKB","Motherhub_HRN","ECONOMY","02:00:00","H-72239585759528138","FMPC3242004911","PrahladPur_DEL_PL","MotherHub_YKB","2023-11-22T08:17:03.000+05:30","2023-11-26T02:59:59.000+05:30"
"MotherHub_YKB","Motherhub_CUT","ECONOMY","16:00:00","H-71272563984815090","FMPC3259356755","Jhilmil_DEL_PL","MotherHub_YKB","2023-11-23T06:10:01.000+05:30","2023-11-29T02:59:59.000+05:30"
"MotherHub_YKB","MotherHub_DEL","ECONOMY","03:30:00","F-36808479523993579","FMPC3258251048","KanjhawalaHub_DEL_PL","MotherHub_YKB","2023-11-23T01:10:09.000+05:30","2023-11-29T02:59:59.000+05:30"
"MotherHub_YKB","Motherhub_ULB","ECONOMY","16:00:00","H-54550634835961440","FMPC3250320179","Motibaghhub_DEL_PL","MotherHub_YKB","2023-11-21T09:25:10.000+05:30","2023-11-26T02:59:59.000+05:30"
"MotherHub_YKB","Motherhub_PAT_BTS","ECONOMY","20:00:00","E-54846260921194694","FMPP2022419524","Pitampurahub_DEL_PL","MotherHub_YKB","2023-11-23T13:14:03.000+05:30","2023-11-29T02:59:59.000+05:30"
"MotherHub_YKB","EnglishBazarHub_LDA","ECONOMY","06:00:00","F-9749403418627510","FMPC3258922060","MundkaHub_DEL_PL","MotherHub_YKB","2023-11-23T08:56:48.000+05:30","2023-12-01T02:59:59.000+05:30"
"MotherHub_YKB","EnglishBazarHub_LDA","ECONOMY","06:00:00","B-71259027195854241","FMPC3259466043","Firozabad_FZD_PL","MotherHub_YKB","2023-11-23T12:08:06.000+05:30","2023-12-03T02:59:59.000+05:30"
"MotherHub_YKB","Motherhub_CUT","ECONOMY","16:00:00","C-72921045397456673","FMPC3256587829","MotherHub_YKB","MotherHub_YKB","2023-11-22T13:56:51.000+05:30","2023-11-27T02:59:59.000+05:30"
"MotherHub_YKB","MotherHub_JJH","ECONOMY","09:00:00","F-9741754668565719","FMPC3258737057","Firozabad_FZD_PL","MotherHub_YKB","2023-11-23T08:12:21.000+05:30","2023-11-28T02:59:59.000+05:30"
"MotherHub_YKB","MotherHub_JJH","ECONOMY","09:00:00","B-6641834375975717","FMPC3258598594","Pitampurahub_DEL_PL","MotherHub_YKB","2023-11-23T05:05:27.000+05:30","2023-11-28T02:59:59.000+05:30"
"MotherHub_YKB","Motherhub_JKS","ECONOMY","23:00:00","C-71254616465514670","FMPC3255579002","CABTJalandharOPH_JLR_PL","MotherHub_YKB","2023-11-23T16:44:39.000+05:30","2023-11-28T02:59:59.000+05:30"
"MotherHub_YKB","BalurghatHub_BLT","ECONOMY","06:00:00","E-68161780033885854","FMPP2022072417","SangamviharHub_DEL_PL","MotherHub_YKB","2023-11-23T09:34:53.000+05:30","2023-11-28T02:59:59.000+05:30"
"MotherHub_YKB","Motherhub_SAI_4","ECONOMY","21:00:00","H-36796328740811104","FMPC3255712189","HissarHub_HSS_PL","MotherHub_YKB","2023-11-22T17:40:32.000+05:30","2023-11-28T02:59:59.000+05:30"
"MotherHub_YKB","Motherhub_JKS","ECONOMY","23:00:00","F-6151711855576703","FMPP2016101524","CABTJalandharOPH_JLR_PL","MotherHub_YKB","2023-11-21T23:15:26.000+05:30","2023-11-26T02:59:59.000+05:30"
"MotherHub_YKB","EnglishBazarHub_LDA","ECONOMY","06:00:00","H-47683039084998976","FMPC3259021625","KarolbaghHub_DEL_PL","MotherHub_YKB","2023-11-23T07:45:05.000+05:30","2023-11-28T02:59:59.000+05:30"
"MotherHub_YKB","RathbariHub_LDA","ECONOMY","06:00:00","G-81511739899455355","FMPP2021761452","BudhViharHub_DEL_PL","MotherHub_YKB","2023-11-23T08:19:46.000+05:30","2023-11-28T02:59:59.000+05:30"
"MotherHub_YKB","MotherHub_DEL","ECONOMY","12:30:00","G-64428162707584676","FMPP2022370119","AdarshNagarHub_DEL_PL","MotherHub_YKB","2023-11-23T12:28:41.000+05:30","2023-11-28T02:59:59.000+05:30"
"MotherHub_YKB","MotherHub_DEL","ECONOMY","12:30:00","E-36884980921958832","FMPP2021962920","SangamviharHub_DEL_PL","MotherHub_YKB","2023-11-23T09:35:00.000+05:30","2023-11-30T02:59:59.000+05:30"
"MotherHub_YKB","MotherHub_NAG_BTS","ECONOMY","00:00:00","C-36682987487624549","FMPC3251209073","CABTJalandharOPH_JLR_PL","MotherHub_YKB","2023-11-22T07:46:20.000+05:30","2023-11-27T02:59:59.000+05:30"
"MotherHub_YKB","MotherHub_JJH","ECONOMY","09:00:00","A-27028258395605850","FMPC3258011859","ChanakyapuriHub_DEL_PL","MotherHub_YKB","2023-11-23T13:04:51.000+05:30","2023-11-27T02:59:59.000+05:30"
"MotherHub_YKB","MotherHub_JJH","ECONOMY","09:00:00","B-36875509827572939","FMPC3257272006","Firozabad_FZD_PL","MotherHub_YKB","2023-11-23T13:01:32.000+05:30","2023-11-30T02:59:59.000+05:30"
"MotherHub_YKB","PakriHub_DMH","ECONOMY","20:00:00","B-64488355238831313","FMPC3256100941","YamunaNagarHub_YNR_PL","MotherHub_YKB","2023-11-23T14:16:15.000+05:30","2023-11-28T02:59:59.000+05:30"
"MotherHub_YKB","Motherhub_GUW","ECONOMY","00:00:00","D-6487678718385364","FMPC3258686579","PaharganjHub_DEL_PL","MotherHub_YKB","2023-11-23T13:40:08.000+05:30","2023-11-28T02:59:59.000+05:30"
"MotherHub_YKB","Motherhub_ULB","ECONOMY","16:00:00","C-29861148953997626","FMPC3254698320","CABTJalandharOPH_JLR_PL","MotherHub_YKB","2023-11-23T16:53:58.000+05:30","2023-11-29T02:59:59.000+05:30"
"MotherHub_YKB","Motherhub_GUW","ECONOMY","00:00:00","G-71187909541136947","FMPC3255781741","IPextension_DEL_PL","MotherHub_YKB","2023-11-22T02:09:06.000+05:30","2023-11-27T02:59:59.000+05:30"
"MotherHub_YKB","MotherHub_DEL","ECONOMY","12:30:00","D-68183070178769046","FMPP2021653636","BurariHub_DEL_PL","MotherHub_YKB","2023-11-23T09:49:32.000+05:30","2023-11-30T02:59:59.000+05:30"
"MotherHub_YKB","MotherHub_PUNE","ECONOMY","22:00:00","B-72600002668259786","FMPP2017324582","CABTJalandharOPH_JLR_PL","MotherHub_YKB","2023-11-22T10:06:35.000+05:30","2023-11-27T02:59:59.000+05:30"
"MotherHub_YKB","Motherhub_ULB","ECONOMY","16:00:00","B-47349906741198549","FMPP2021245247","PanipatHub_PPT_PL","MotherHub_YKB","2023-11-23T16:38:35.000+05:30","2023-12-02T02:59:59.000+05:30"
"MotherHub_YKB","MotherHub_JJH","ECONOMY","09:00:00","F-36934533876768467","FMPC3258350843","ShalimarGardenHub_DEL_PL","MotherHub_YKB","2023-11-23T13:08:49.000+05:30","2023-11-27T02:59:59.000+05:30"
"MotherHub_YKB","NirsaHub_NRA","ECONOMY","03:00:00","A-68156885431539399","FMPC3258175989","Phase3NoidaHub_DEL_PL","MotherHub_YKB","2023-11-23T07:30:50.000+05:30","2023-11-27T02:59:59.000+05:30"
"MotherHub_YKB","Motherhub_ULB","ECONOMY","16:00:00","B-13180722266470002","FMPC3257185864","ChanakyapuriHub_DEL_PL","MotherHub_YKB","2023-11-22T07:49:18.000+05:30","2023-11-28T02:59:59.000+05:30"
"MotherHub_YKB","Motherhub_ULB","ECONOMY","16:00:00","F-68170163794384629","FMPC3258154739","SangamviharHub_DEL_PL","MotherHub_YKB","2023-11-23T09:12:26.000+05:30","2023-11-28T02:59:59.000+05:30"
"MotherHub_YKB","BalurghatHub_BLT","ECONOMY","06:00:00","E-58764443149703521","FMPP2022143433","Firozabad_FZD_PL","MotherHub_YKB","2023-11-23T12:35:49.000+05:30","2023-11-29T02:59:59.000+05:30"
"MotherHub_YKB","MotherHub_STV","ECONOMY","21:00:00","A-9761072596834546","FMPC3258775111","ShalimarGardenHub_DEL_PL","MotherHub_YKB","2023-11-23T03:05:45.000+05:30","2023-11-29T02:59:59.000+05:30"
"MotherHub_YKB","EnglishBazarHub_LDA","ECONOMY","06:00:00","B-71266654211201529","FMPC3257328131","WelcomeHub_DEL_PL","MotherHub_YKB","2023-11-23T09:40:48.000+05:30","2023-11-28T02:59:59.000+05:30"
"MotherHub_YKB","MotherHub_JJH","ECONOMY","09:00:00","C-58806550018061374","FMPC3259033029","ChanakyapuriHub_DEL_PL","MotherHub_YKB","2023-11-23T08:44:57.000+05:30","2023-11-29T02:59:59.000+05:30"
"MotherHub_YKB","KalawadRoadHub_RAJ","ECONOMY","16:00:00","G-71248220525832449","FMPP2022459256","DasnaHub_DEL_PL","MotherHub_YKB","2023-11-23T04:24:17.000+05:30","2023-11-26T02:59:59.000+05:30"
"MotherHub_YKB","CABTRajmahalaODH_RJL","ECONOMY","06:00:00","G-58738916069630834","FMPC3258510249","PanipatHub_PPT_PL","MotherHub_YKB","2023-11-23T11:36:14.000+05:30","2023-12-01T02:59:59.000+05:30"
"MotherHub_YKB","Motherhub_SAI_4","ECONOMY","21:00:00","A-69972647946746910","FMPC3258548530","ChanakyapuriHub_DEL_PL","MotherHub_YKB","2023-11-23T12:34:23.000+05:30","2023-11-29T02:59:59.000+05:30"
"MotherHub_YKB","GazoleHub_GZO","ECONOMY","06:00:00","C-6501171717509122","FMPC3254996817","CABTJalandharOPH_JLR_PL","MotherHub_YKB","2023-11-23T15:56:20.000+05:30","2023-11-29T02:59:59.000+05:30"
"MotherHub_YKB","MotherHub_SIL","ECONOMY","00:00:00","H-81187413497509951","FMPC3259162390","AshokviharHub_DEL_PL","MotherHub_YKB","2023-11-23T07:42:08.000+05:30","2023-11-30T02:59:59.000+05:30"
"MotherHub_YKB","MotherHub_PUNE","ECONOMY","22:00:00","A-29962224641949684","FMPP2021934195","MeerutHub_PL","MotherHub_YKB","2023-11-23T13:15:57.000+05:30","2023-12-01T02:59:59.000+05:30"
"MotherHub_YKB","BalurghatHub_BLT","ECONOMY","06:00:00","C-68169792452077968","FMPC3258492421","YamunaViharHub_DEL_PL","MotherHub_YKB","2023-11-23T08:48:42.000+05:30","2023-11-28T02:59:59.000+05:30"
"MotherHub_YKB","MotherHub_DEL","ECONOMY","12:30:00","F-31627189850755444","FMPC3259395917","GurgaonMilestoneHub_DEL_PL","MotherHub_YKB","2023-11-23T10:02:11.000+05:30","2023-11-27T02:59:59.000+05:30"
"MotherHub_YKB","Motherhub_ULB","ECONOMY","16:00:00","E-29975750618750196","FMPC3259013848","ShahdaraHub_DEL_PL","MotherHub_YKB","2023-11-23T12:57:13.000+05:30","2023-11-28T02:59:59.000+05:30"
"MotherHub_YKB","MotherHub_DEL","ECONOMY","12:30:00","H-13191140284930308","FMPP2021382790","MayurVihar_DEL_PL","MotherHub_YKB","2023-11-23T05:52:06.000+05:30","2023-11-28T02:59:59.000+05:30"
"MotherHub_YKB","Motherhub_ULB","ECONOMY","16:00:00","E-31548942147047097","FMPP2022245851","ShahdaraHub_DEL_PL","MotherHub_YKB","2023-11-23T12:02:08.000+05:30","2023-11-29T02:59:59.000+05:30"
"MotherHub_YKB","Motherhub_CUT","ECONOMY","16:00:00","H-68168862708288450","FMPC3259323899","PanipatHub_PPT_PL","MotherHub_YKB","2023-11-23T14:15:59.000+05:30","2023-11-29T02:59:59.000+05:30"
"MotherHub_YKB","Motherhub_JKS","ECONOMY","23:00:00","D-58762950652257783","FMPC3258880936","PanipatHub_PPT_PL","MotherHub_YKB","2023-11-23T12:16:42.000+05:30","2023-11-29T02:59:59.000+05:30"
"MotherHub_YKB","PanchanandapurHub_PCD","ECONOMY","06:00:00","A-73060618098140262","FMPP2022311287","PaharganjHub_DEL_PL","MotherHub_YKB","2023-11-23T11:39:50.000+05:30","2023-11-29T02:59:59.000+05:30"
"MotherHub_YKB","PorbandarHub_POR","ECONOMY","16:00:00","F-6428930279940392","FMPC3256853975","RewariHub_RWR_PL","MotherHub_YKB","2023-11-23T14:15:32.000+05:30","2023-11-27T02:59:59.000+05:30"
"MotherHub_YKB","CABTMadhubaniSplitODH_MBI","ECONOMY","20:00:00","F-6552272923826566","FMPC3255936648","SangamviharHub_DEL_PL","MotherHub_YKB","2023-11-23T07:43:26.000+05:30","2023-11-29T02:59:59.000+05:30"
"MotherHub_YKB","KaliyaganjODH_KLJ","ECONOMY","06:00:00","F-68140409842592659","FMPC3258761961","Pitampurahub_DEL_PL","MotherHub_YKB","2023-11-23T10:04:28.000+05:30","2023-11-28T02:59:59.000+05:30"
"MotherHub_YKB","MotherHub_DEL","ECONOMY","03:30:00","E-71195455326892702","FMPC3259621105","SahibabadHub_DEL_PL","MotherHub_YKB","2023-11-23T10:00:41.000+05:30","2023-11-30T02:59:59.000+05:30"
"MotherHub_YKB","MotherHub_NAG_BTS","ECONOMY","00:00:00","F-68050850567406397","FMPP2020113932","MeerutHub_PL","MotherHub_YKB","2023-11-22T17:36:29.000+05:30","2023-11-27T02:59:59.000+05:30"
"MotherHub_YKB","MotherHub_STV","ECONOMY","21:00:00","E-68126760511078022","FMPC3256209535","CABTJalandharOPH_JLR_PL","MotherHub_YKB","2023-11-23T16:09:00.000+05:30","2023-11-30T02:59:59.000+05:30"
"MotherHub_YKB","Motherhub_GUW","ECONOMY","00:00:00","A-31546201142085737","FMPC3258063476","WelcomeHub_DEL_PL","MotherHub_YKB","2023-11-23T12:41:42.000+05:30","2023-11-29T02:59:59.000+05:30"
"MotherHub_YKB","Motherhub_CUT","ECONOMY","16:00:00","G-26921817029016443","FMPC3256152680","CABTJalandharOPH_JLR_PL","MotherHub_YKB","2023-11-23T16:41:40.000+05:30","2023-11-29T02:59:59.000+05:30"
"MotherHub_YKB","Motherhub_JKS","ECONOMY","23:00:00","C-54780200875027584","FMPC3254719725","CABTJalandharOPH_JLR_PL","MotherHub_YKB","2023-11-23T16:46:39.000+05:30","2023-11-29T02:59:59.000+05:30"
"MotherHub_YKB","Motherhub_JKS","ECONOMY","23:00:00","C-70858671861503114","FMPC3252345129","CABTJalandharOPH_JLR_PL","MotherHub_YKB","2023-11-23T15:32:48.000+05:30","2023-11-27T02:59:59.000+05:30"
"MotherHub_YKB","MotherHub_HJR","ECONOMY","19:00:00","D-8355661125125165","FMPC3258859852","CanttHissarHub_HSS_PL","MotherHub_YKB","2023-11-23T14:12:43.000+05:30","2023-11-29T02:59:59.000+05:30"
"MotherHub_YKB","MotherHub_JJH","ECONOMY","09:00:00","F-58807489743125507","FMPC3258533060","JasolaHub_DEL_PL","MotherHub_YKB","2023-11-23T13:10:33.000+05:30","2023-11-29T02:59:59.000+05:30"
"MotherHub_YKB","Motherhub_PLS","ECONOMY","21:00:00","F-12853784379228095","FMPC3249912671","PaharganjHub_DEL_PL","MotherHub_YKB","2023-11-22T05:17:40.000+05:30","2023-12-06T02:59:59.000+05:30"
"MotherHub_YKB","Motherhub_JKS","ECONOMY","23:00:00","G-29926801315130290","FMPP2020512392","CABTJalandharOPH_JLR_PL","MotherHub_YKB","2023-11-23T16:41:41.000+05:30","2023-11-29T02:59:59.000+05:30"
"MotherHub_YKB","BalurghatHub_BLT","ECONOMY","06:00:00","E-47685172071839540","FMPP2021781809","BudhViharHub_DEL_PL","MotherHub_YKB","2023-11-23T08:30:31.000+05:30","2023-11-28T02:59:59.000+05:30"
"MotherHub_YKB","Motherhub_PAT_BTS","ECONOMY","20:00:00","F-47613592310646766","FMPC3256222790","PanipatHub_PPT_PL","MotherHub_YKB","2023-11-22T12:39:37.000+05:30","2023-11-29T02:59:59.000+05:30"
"MotherHub_YKB","Motherhub_CUT","ECONOMY","16:00:00","F-9803975835571773","FMPC3258634577","PanipatHub_PPT_PL","MotherHub_YKB","2023-11-23T11:50:28.000+05:30","2023-11-28T02:59:59.000+05:30"
"MotherHub_YKB","MotherHub_PUNE","ECONOMY","22:00:00","F-36873689079042745","FMPP2022097357","Britania_DEL_PL","MotherHub_YKB","2023-11-23T09:37:42.000+05:30","2023-11-27T02:59:59.000+05:30"
"MotherHub_YKB","RaiganjHub_RGJ","ECONOMY","06:00:00","A-54897561277252175","FMPC3257766493","BawanaHub_DEL_PL","MotherHub_YKB","2023-11-23T08:00:33.000+05:30","2023-11-28T02:59:59.000+05:30"
"MotherHub_YKB","Motherhub_PLS","ECONOMY","21:00:00","E-69832409759619627","FMPC3256102612","MeerutHub_PL","MotherHub_YKB","2023-11-22T20:25:36.000+05:30","2023-11-29T02:59:59.000+05:30"
"MotherHub_YKB","MotherHub_DEL","ECONOMY","12:30:00","C-31540480150536901","FMPP2021598508","AdarshNagarHub_DEL_PL","MotherHub_YKB","2023-11-23T09:14:13.000+05:30","2023-11-28T02:59:59.000+05:30"
"MotherHub_YKB","CABTNarayanpurODH_LDA","ECONOMY","06:00:00","H-27096586375927506","FMPC3259305200","ChanakyapuriHub_DEL_PL","MotherHub_YKB","2023-11-23T07:36:24.000+05:30","2023-11-28T02:59:59.000+05:30"
"MotherHub_YKB","MotherHub_DEL","ECONOMY","03:30:00","D-8348700200771431","FMPP2022074764","BilaspurHub_DRH_PL","MotherHub_YKB","2023-11-23T12:07:43.000+05:30","2023-11-27T02:59:59.000+05:30"
"MotherHub_YKB","Motherhub_ULB","ECONOMY","16:00:00","C-68102568781668403","FMPC3255695903","CABTJalandharOPH_JLR_PL","MotherHub_YKB","2023-11-23T16:33:33.000+05:30","2023-11-29T02:59:59.000+05:30"
"MotherHub_YKB","Motherhub_CUT","ECONOMY","16:00:00","E-68140584524356366","FMPC3258242075","BijwasanHub_DEL_PL","MotherHub_YKB","2023-11-23T13:00:47.000+05:30","2023-11-29T02:59:59.000+05:30"
"MotherHub_YKB","FarrakaHub_NFK","ECONOMY","06:00:00","E-69992390127485051","FMPC3258997999","AdarshNagarHub_DEL_PL","MotherHub_YKB","2023-11-23T12:29:04.000+05:30","2023-11-28T02:59:59.000+05:30"
"MotherHub_YKB","Motherhub_ULB","ECONOMY","16:00:00","C-29920574191022524","FMPC3255654422","CABTJalandharOPH_JLR_PL","MotherHub_YKB","2023-11-23T16:29:50.000+05:30","2023-11-29T02:59:59.000+05:30"
"MotherHub_YKB","MotherHub_DEL","ECONOMY","12:30:00","H-36904207166854098","FMPP2021686181","DasnaHub_DEL_PL","MotherHub_YKB","2023-11-23T09:37:49.000+05:30","2023-11-28T02:59:59.000+05:30"
"MotherHub_YKB","Motherhub_JKS","ECONOMY","23:00:00","C-29895795056576950","FMPC3255696403","CABTJalandharOPH_JLR_PL","MotherHub_YKB","2023-11-23T16:31:50.000+05:30","2023-11-29T02:59:59.000+05:30"
"MotherHub_YKB","EnglishBazarHub_LDA","ECONOMY","06:00:00","A-6613394587541390","FMPC3259207556","Jhilmil_DEL_PL","MotherHub_YKB","2023-11-23T08:41:04.000+05:30","2023-11-28T02:59:59.000+05:30"
"MotherHub_YKB","MotherHub_JJH","ECONOMY","09:00:00","F-31574203930654311","FMPC3258367831","VasundharaHub_DEL_PL","MotherHub_YKB","2023-11-23T08:41:15.000+05:30","2023-11-28T02:59:59.000+05:30"
"MotherHub_YKB","MotherHub_NAG_BTS","ECONOMY","00:00:00","F-31368725186647331","FMPC3253746419","ChanakyapuriHub_DEL_PL","MotherHub_YKB","2023-11-23T12:15:07.000+05:30","2023-11-26T02:59:59.000+05:30"
"MotherHub_YKB","Motherhub_ULB","ECONOMY","16:00:00","C-58564892671069728","FMPP2019584016","NoidaHub_DEL_PL","MotherHub_YKB","2023-11-21T15:38:42.000+05:30","2023-11-27T02:59:59.000+05:30"
"MotherHub_YKB","Motherhub_RAC","ECONOMY","17:00:00","B-13084981620464118","FMPC3254831987","KarolbaghHub_DEL_PL","MotherHub_YKB","2023-11-23T03:46:10.000+05:30","2023-11-29T02:59:59.000+05:30"
"MotherHub_YKB","Motherhub_ULB","ECONOMY","16:00:00","B-71302147058275307","FMPP2022080440","Rohinihub_DEL_PL","MotherHub_YKB","2023-11-23T06:01:07.000+05:30","2023-11-28T02:59:59.000+05:30"
"MotherHub_YKB","KumarganjHub_KGJ","ECONOMY","06:00:00","E-68183671403218586","FMPC3259320988","NoidaHub_DEL_PL","MotherHub_YKB","2023-11-23T07:55:41.000+05:30","2023-11-29T02:59:59.000+05:30"
"MotherHub_YKB","MotherHub_DEL","ECONOMY","12:30:00","F-6651987461446432","FMPP2022095324","SangamviharHub_DEL_PL","MotherHub_YKB","2023-11-23T09:52:21.000+05:30","2023-11-27T02:59:59.000+05:30"
"MotherHub_YKB","ElasticRunWankanerODH_WKH","ECONOMY","16:00:00","C-26440662862483850","FMPC3255625476","CABTJalandharOPH_JLR_PL","MotherHub_YKB","2023-11-23T15:33:29.000+05:30","2023-11-28T02:59:59.000+05:30"
"MotherHub_YKB","DependoKaliachakODH_KTJ","ECONOMY","06:00:00","B-13092461034473799","FMPC3253264923","CABTJalandharOPH_JLR_PL","MotherHub_YKB","2023-11-22T17:48:12.000+05:30","2023-12-01T02:59:59.000+05:30"
"MotherHub_YKB","Motherhub_PLS","ECONOMY","21:00:00","C-67814265245338681","FMPC3253426619","YamunaViharHub_DEL_PL","MotherHub_YKB","2023-11-21T08:34:23.000+05:30","2023-12-01T02:59:59.000+05:30"
"MotherHub_YKB","ManikchakHub_LDA","ECONOMY","06:00:00","G-6575488086038910","FMPC3257355112","DasnaHub_DEL_PL","MotherHub_YKB","2023-11-23T10:09:03.000+05:30","2023-11-28T02:59:59.000+05:30"
"MotherHub_YKB","BalurghatHub_BLT","ECONOMY","06:00:00","D-69993957501133641","FMPC3258859032","ShahdaraHub_DEL_PL","MotherHub_YKB","2023-11-23T07:45:20.000+05:30","2023-11-30T02:59:59.000+05:30"
"MotherHub_YKB","RaiganjHub_RGJ","ECONOMY","06:00:00","B-64584302129484201","FMPC3255433352","RoorkeeHub_HRD_PL","MotherHub_YKB","2023-11-23T10:26:00.000+05:30","2023-11-29T02:59:59.000+05:30"
"MotherHub_YKB","FarrakaHub_NFK","ECONOMY","06:00:00","H-23868873395217126","FMPP2019392437","AshokviharHub_DEL_PL","MotherHub_YKB","2023-11-23T08:00:50.000+05:30","2023-11-28T02:59:59.000+05:30"
"MotherHub_YKB","Motherhub_JKS","ECONOMY","23:00:00","C-6553730934849555","FMPC3255585505","CABTJalandharOPH_JLR_PL","MotherHub_YKB","2023-11-23T16:11:14.000+05:30","2023-11-28T02:59:59.000+05:30"
"MotherHub_YKB","Motherhub_GUW","ECONOMY","00:00:00","E-13050874011696149","FMPC3259070235","SangamviharHub_DEL_PL","MotherHub_YKB","2023-11-23T12:28:03.000+05:30","2023-12-07T02:59:59.000+05:30"
"MotherHub_YKB","Motherhub_ULB","ECONOMY","16:00:00","F-67872440470841417","FMPP2019376573","CABTJalandharOPH_JLR_PL","MotherHub_YKB","2023-11-23T16:50:00.000+05:30","2023-11-28T02:59:59.000+05:30"
"MotherHub_YKB","CABTMithanpuraSplitODH_MZF","ECONOMY","19:00:00","G-68140911928843497","FMPC3257001191","CABTJalandharOPH_JLR_PL","MotherHub_YKB","2023-11-23T16:40:27.000+05:30","2023-12-03T02:59:59.000+05:30"
"MotherHub_YKB","MotherHub_JJH","ECONOMY","09:00:00","F-58773913936340053","FMPC3258135840","MundkaHub_DEL_PL","MotherHub_YKB","2023-11-23T08:03:22.000+05:30","2023-11-27T02:59:59.000+05:30"
"MotherHub_YKB","MotherHub_DEL","ECONOMY","12:30:00","F-70031389726643297","FMPC3258142724","SangamviharHub_DEL_PL","MotherHub_YKB","2023-11-23T09:52:51.000+05:30","2023-11-28T02:59:59.000+05:30"
"MotherHub_YKB","BarjoraHub_DGP","REGULAR","03:00:00","D-36871264245340549","FMPC3258614158","ModelTownHub_DEL_PL","MotherHub_YKB","2023-11-23T07:34:11.000+05:30","2023-11-28T02:59:59.000+05:30"
"MotherHub_YKB","MotherHub_PUNE","ECONOMY","22:00:00","C-6568792059748205","FMPC3258381634","Chhatarpur_DEL_PL","MotherHub_YKB","2023-11-23T07:53:57.000+05:30","2023-11-28T02:59:59.000+05:30"
"MotherHub_YKB","RaiganjHub_RGJ","ECONOMY","06:00:00","A-81549321857651660","FMPC3259614048","YamunaViharHub_DEL_PL","MotherHub_YKB","2023-11-23T09:44:31.000+05:30","2023-11-28T02:59:59.000+05:30"
"MotherHub_YKB","Motherhub_ULB","ECONOMY","16:00:00","B-9600838958578660","FMPP2018517626","RoorkeeHub_HRD_PL","MotherHub_YKB","2023-11-23T10:20:26.000+05:30","2023-11-28T02:59:59.000+05:30"
"MotherHub_YKB","CABTNarayanpurODH_LDA","ECONOMY","06:00:00","D-9743576452113812","FMPC3259342806","ShalimarGardenHub_DEL_PL","MotherHub_YKB","2023-11-23T07:49:33.000+05:30","2023-11-28T02:59:59.000+05:30"
"MotherHub_YKB","MotherHub_DEL","ECONOMY","12:30:00","F-70055024026003990","FMPC3259463747","Phase3NoidaHub_DEL_PL","MotherHub_YKB","2023-11-23T13:07:20.000+05:30","2023-11-28T02:59:59.000+05:30"
"MotherHub_YKB","MotherHub_HJR","ECONOMY","19:00:00","C-26514490063590712","FMPC3258621465","Pitampurahub_DEL_PL","MotherHub_YKB","2023-11-23T14:14:49.000+05:30","2023-11-28T02:59:59.000+05:30"
"MotherHub_YKB","DwarkaGujaratHub_DWK","ECONOMY","16:00:00","S8541315763","FMPP2021927147","BilaspurHub_DRH_PL","MotherHub_YKB","2023-11-23T14:15:52.000+05:30","2023-11-27T02:59:00.000+05:30"
"MotherHub_YKB","SheoharHub_SMI","ECONOMY","19:00:00","E-26590582599026868","FMPC3259618259","ShahdaraHub_DEL_PL","MotherHub_YKB","2023-11-23T09:48:43.000+05:30","2023-11-30T02:59:59.000+05:30"
"MotherHub_YKB","Motherhub_PLS","ECONOMY","21:00:00","A-36268987206291155","FMPC3246711146","Motherhub_JKS","MotherHub_YKB","2023-11-23T07:50:52.000+05:30","2023-11-27T02:59:59.000+05:30"
"MotherHub_YKB","MotherHub_DEL","ECONOMY","12:30:00","F-6606598155088126","FMPC3257906114","NoidaHub_DEL_PL","MotherHub_YKB","2023-11-23T10:05:18.000+05:30","2023-11-28T02:59:59.000+05:30"
"MotherHub_YKB","GangarampurHub_GRM","ECONOMY","06:00:00","E-26573962223556335","FMPC3259002638","Motibaghhub_DEL_PL","MotherHub_YKB","2023-11-23T08:30:11.000+05:30","2023-11-28T02:59:59.000+05:30"
"MotherHub_YKB","Motherhub_GUW","ECONOMY","00:00:00","E-67815701939994734","FMPC3248225564","CABTJalandharOPH_JLR_PL","MotherHub_YKB","2023-11-22T07:50:12.000+05:30","2023-11-29T02:59:59.000+05:30"
"MotherHub_YKB","Motherhub_ULB","ECONOMY","16:00:00","C-26479856641661567","FMPC3255618481","CABTJalandharOPH_JLR_PL","MotherHub_YKB","2023-11-23T16:46:57.000+05:30","2023-11-29T02:59:59.000+05:30"
"MotherHub_YKB","MotherHub_DEL","ECONOMY","03:30:00","H-9782413581133714","FMPC3258520014","BawanaHub_DEL_PL","MotherHub_YKB","2023-11-23T12:11:22.000+05:30","2023-11-28T02:59:59.000+05:30"
"MotherHub_YKB","EnglishBazarHub_LDA","ECONOMY","06:00:00","B-36598310541041953","FMPC3254791565","Jhilmil_DEL_PL","MotherHub_YKB","2023-11-23T07:59:42.000+05:30","2023-11-26T02:59:59.000+05:30"
"MotherHub_YKB","MotherHub_DEL","ECONOMY","12:30:00","A-58733200979647156","FMPC3257999860","Alipur_DEL_PL","MotherHub_YKB","2023-11-23T13:05:48.000+05:30","2023-11-27T02:59:59.000+05:30"
"MotherHub_YKB","Motherhub_HRN","ECONOMY","02:00:00","H-72940739029478720","FMPP2020576608","BawanaHub_DEL_PL","MotherHub_YKB","2023-11-22T01:36:16.000+05:30","2023-11-28T02:59:59.000+05:30"
"MotherHub_YKB","KaliyaganjODH_KLJ","ECONOMY","06:00:00","F-36638903376379320","FMPC3254230921","CABTJalandharOPH_JLR_PL","MotherHub_YKB","2023-11-23T16:13:12.000+05:30","2023-11-28T02:59:59.000+05:30"
"MotherHub_YKB","ChanchalHub_CHC","ECONOMY","06:00:00","E-54859426779932030","FMPC3257984194","ChanakyapuriHub_DEL_PL","MotherHub_YKB","2023-11-23T09:28:51.000+05:30","2023-11-28T02:59:59.000+05:30"
"MotherHub_YKB","DependoKaliachakODH_KTJ","ECONOMY","06:00:00","B-30008926804512124","FMPC3258931485","PanipatHub_PPT_PL","MotherHub_YKB","2023-11-23T15:11:38.000+05:30","2023-11-29T02:59:59.000+05:30"
"MotherHub_YKB","MotherHub_DEL","ECONOMY","12:30:00","B-69972022031486026","FMPC3257757319","SangamviharHub_DEL_PL","MotherHub_YKB","2023-11-23T09:31:21.000+05:30","2023-11-30T02:59:59.000+05:30"
"MotherHub_YKB","BalurghatHub_BLT","ECONOMY","06:00:00","E-31556256393488399","FMPC3259047697","SangamviharHub_DEL_PL","MotherHub_YKB","2023-11-23T09:45:56.000+05:30","2023-11-28T02:59:59.000+05:30"
"MotherHub_YKB","MotherHub_STV","ECONOMY","21:00:00","C-9743431880619370","FMPP2022277460","NajafgarhHub_DEL_PL","MotherHub_YKB","2023-11-23T06:06:20.000+05:30","2023-11-27T02:59:59.000+05:30"
"MotherHub_YKB","MotherHub_DEL","ECONOMY","12:30:00","E-9747558531537586","FMPC3257876817","GandhinagarHub_DEL_PL","MotherHub_YKB","2023-11-23T09:33:45.000+05:30","2023-12-02T02:59:59.000+05:30"
"MotherHub_YKB","EnglishBazarHub_LDA","ECONOMY","06:00:00","H-71184481546614510","FMPC3259362259","Jhilmil_DEL_PL","MotherHub_YKB","2023-11-23T06:10:51.000+05:30","2023-11-28T02:59:59.000+05:30"
"MotherHub_YKB","MotherHub_DEL","ECONOMY","12:30:00","E-70013540854325103","FMPC3259056197","SangamviharHub_DEL_PL","MotherHub_YKB","2023-11-23T09:46:26.000+05:30","2023-11-28T02:59:59.000+05:30"
"MotherHub_YKB","DependoKaliachakODH_KTJ","ECONOMY","06:00:00","F-71197168330557813","FMPC3258802423","PanipatHub_PPT_PL","MotherHub_YKB","2023-11-23T11:41:51.000+05:30","2023-11-29T02:59:59.000+05:30"
"MotherHub_YKB","FarrakaHub_NFK","ECONOMY","06:00:00","E-26522893630898178","FMPC3258306471","YamunaViharHub_DEL_PL","MotherHub_YKB","2023-11-23T08:17:00.000+05:30","2023-11-28T02:59:59.000+05:30"
"MotherHub_YKB","Motherhub_HRN","ECONOMY","02:00:00","C-54784399439838074","FMPC3255443472","Firozabad_FZD_PL","MotherHub_YKB","2023-11-22T09:56:47.000+05:30","2023-11-28T02:59:59.000+05:30"
"MotherHub_YKB","MotherHub_NAG_BTS","ECONOMY","00:00:00","D-26488789280016158","FMPC3257248022","KanjhawalaHub_DEL_PL","MotherHub_YKB","2023-11-23T08:52:12.000+05:30","2023-11-27T02:59:59.000+05:30"
"MotherHub_YKB","RaiganjHub_RGJ","ECONOMY","06:00:00","A-68220155899232985","FMPP2021785066","SangamviharHub_DEL_PL","MotherHub_YKB","2023-11-23T12:09:17.000+05:30","2023-11-28T02:59:59.000+05:30"
"MotherHub_YKB","Motherhub_GUW","ECONOMY","00:00:00","A-26239577504973832","FMPC3253380172","BudhViharHub_DEL_PL","MotherHub_YKB","2023-11-21T16:20:20.000+05:30","2023-11-27T02:59:59.000+05:30"
"MotherHub_YKB","MotherHub_DEL","ECONOMY","12:30:00","F-9826509080807876","FMPC3259511633","SangamviharHub_DEL_PL","MotherHub_YKB","2023-11-23T09:57:46.000+05:30","2023-11-27T02:59:59.000+05:30"
"MotherHub_YKB","Motherhub_RAC","ECONOMY","17:00:00","C-36889603058695264","FMPC3257905170","AdarshNagarHub_DEL_PL","MotherHub_YKB","2023-11-23T12:08:01.000+05:30","2023-11-30T02:59:59.000+05:30"
"MotherHub_YKB","Motherhub_JKS","ECONOMY","23:00:00","C-6561943998828255","FMPC3256144247","CABTJalandharOPH_JLR_PL","MotherHub_YKB","2023-11-23T16:50:25.000+05:30","2023-12-01T02:59:59.000+05:30"
"MotherHub_YKB","MotherHub_IDO","ECONOMY","05:30:00","G-13127601018606147","FMPC3255740702","MundkaHub_DEL_PL","MotherHub_YKB","2023-11-22T02:04:41.000+05:30","2023-11-27T02:59:59.000+05:30"
"MotherHub_YKB","Motherhub_CUT","ECONOMY","16:00:00","H-69892015712355751","FMPC3256693366","ChanakyapuriHub_DEL_PL","MotherHub_YKB","2023-11-22T09:34:55.000+05:30","2023-11-27T02:59:59.000+05:30"
"MotherHub_YKB","Motherhub_JKS","ECONOMY","23:00:00","C-69941606802849867","FMPC3255580509","CABTJalandharOPH_JLR_PL","MotherHub_YKB","2023-11-23T15:52:11.000+05:30","2023-12-01T02:59:59.000+05:30"
"MotherHub_YKB","MotherHub_JJH","ECONOMY","09:00:00","F-64669129315200491","FMPC3258810388","MundkaHub_DEL_PL","MotherHub_YKB","2023-11-23T07:43:15.000+05:30","2023-11-29T02:59:59.000+05:30"
"MotherHub_YKB","Motherhub_PAT_BTS","ECONOMY","20:00:00","B-36918749108673915","FMPC3258303608","BudhViharHub_DEL_PL","MotherHub_YKB","2023-11-23T03:15:44.000+05:30","2023-11-29T02:59:59.000+05:30"
"MotherHub_YKB","MotherHub_DEL","ECONOMY","12:30:00","H-31625818968254278","FMPC3259348054","SangamviharHub_DEL_PL","MotherHub_YKB","2023-11-23T12:10:02.000+05:30","2023-11-27T02:59:59.000+05:30"
"MotherHub_YKB","BalurghatHub_BLT","ECONOMY","06:00:00","E-13278631568835626","FMPC3259398115","SangamviharHub_DEL_PL","MotherHub_YKB","2023-11-23T10:13:23.000+05:30","2023-11-28T02:59:59.000+05:30"
"MotherHub_YKB","Motherhub_CUT","ECONOMY","16:00:00","A-75105750240825971","FMPC3259430019","PaharganjHub_DEL_PL","MotherHub_YKB","2023-11-23T14:13:02.000+05:30","2023-11-29T02:59:59.000+05:30"
"MotherHub_YKB","Motherhub_RAC","ECONOMY","17:00:00","F-9776546272352803","FMPC3257887850","MundkaHub_DEL_PL","MotherHub_YKB","2023-11-23T05:42:02.000+05:30","2023-11-30T02:59:59.000+05:30"
"MotherHub_YKB","DependoKaliachakODH_KTJ","ECONOMY","06:00:00","B-68174193208392828","FMPC3258573228","Alipur_DEL_PL","MotherHub_YKB","2023-11-23T07:42:43.000+05:30","2023-11-28T02:59:59.000+05:30"
"MotherHub_YKB","KumarganjHub_KGJ","ECONOMY","06:00:00","E-6404540430762231","FMPC3252266478","DhampurHub_DHM_PL","MotherHub_YKB","2023-11-23T12:54:08.000+05:30","2023-11-29T02:59:59.000+05:30"
"MotherHub_YKB","MotherHub_JJH","ECONOMY","09:00:00","D-81461380014710867","FMPC3258724621","ChanakyapuriHub_DEL_PL","MotherHub_YKB","2023-11-23T13:30:18.000+05:30","2023-11-28T02:59:59.000+05:30"
"MotherHub_YKB","GazoleHub_GZO","ECONOMY","06:00:00","E-29961037385458901","FMPC3259147765","MundkaHub_DEL_PL","MotherHub_YKB","2023-11-23T00:14:18.000+05:30","2023-11-28T02:59:59.000+05:30"
"MotherHub_YKB","MinapurHub_MZF","ECONOMY","19:00:00","113392812","NAPC0010107344","MoradabadHub_MRD_PL","MotherHub_YKB","2023-11-21T13:06:20.000+05:30","2023-11-29T14:10:23.000+05:30"
"MotherHub_YKB","MotherHub_JJH","ECONOMY","09:00:00","G-58752936015699498","FMPP2021383559","IPextension_DEL_PL","MotherHub_YKB","2023-11-23T05:05:58.000+05:30","2023-11-27T02:59:59.000+05:30"
"MotherHub_YKB","MotherHub_JJH","ECONOMY","09:00:00","G-72998136088258662","FMPC3258668994","Jhilmil_DEL_PL","MotherHub_YKB","2023-11-23T06:07:46.000+05:30","2023-11-30T02:59:59.000+05:30"
"MotherHub_YKB","Motherhub_GUW","ECONOMY","00:00:00","E-70866817670667930","FMPC3249934835","CABTJalandharOPH_JLR_PL","MotherHub_YKB","2023-11-22T07:50:12.000+05:30","2023-12-10T02:59:59.000+05:30"
"MotherHub_YKB","JarangHub_JRG","ECONOMY","19:00:00","C-69815828853316720","FMPP2018185927","CABTJalandharOPH_JLR_PL","MotherHub_YKB","2023-11-23T16:28:38.000+05:30","2023-11-29T02:59:59.000+05:30"
"MotherHub_YKB","Motherhub_CUT","ECONOMY","16:00:00","H-67758128267334498","FMPP2019068418","CABTJalandharOPH_JLR_PL","MotherHub_YKB","2023-11-23T16:11:40.000+05:30","2023-11-28T02:59:59.000+05:30"
"MotherHub_YKB","EnglishBazarHub_LDA","ECONOMY","06:00:00","E-29986371988124880","FMPC3259389684","BurariHub_DEL_PL","MotherHub_YKB","2023-11-23T08:47:51.000+05:30","2023-11-28T02:59:59.000+05:30"
"MotherHub_YKB","Motherhub_CUT","ECONOMY","16:00:00","A-36937317679026850","FMPC3259108398","PaharganjHub_DEL_PL","MotherHub_YKB","2023-11-23T12:56:45.000+05:30","2023-11-28T02:59:59.000+05:30"
"MotherHub_YKB","Motherhub_HRN","ECONOMY","02:00:00","E-35359768602979810","FMPC3217534240","GurgaonHub_DEL_PL","MotherHub_YKB","2023-11-21T11:48:40.000+05:30","2023-11-13T02:59:59.000+05:30"