,bag_facility_source_name,bag_facility_current_name,bag_facility_destination_name,bag_type_ph,tracking_id_ekart,bag_id,bag_status,fact_updated_at,_source,bag_xdock,fact_updated_at_1
1,BudhViharHub_DEL_PL,MotherHub_YKB,MotherHub_YKB,ZO,FMPC3242812458,PH-ZO-DELYKB-30496171,OPENED,2023-11-17T07:49:59.000+05:30,BAG,False,2023-11-17T07:49:59.000+05:30
2,PaharganjHub_DEL_PL,MotherHub_YKB,MotherHub_YKB,ZO,FMPC3243266541,PH-ZO-DELYKB-30499630,OPENED,2023-11-17T16:21:27.000+05:30,BAG,False,2023-11-17T16:21:27.000+05:30
4,NarelaHub_DEL_PL,MotherHub_YKB,MotherHub_YKB,ZO,FMPC3244093426,PH-ZO-DELYKB-30290610,REACHED,2023-11-16T23:31:27.000+05:30,BAG,False,2023-11-16T23:31:27.000+05:30
5,NoidaHub_DEL_PL,MotherHub_YKB,MotherHub_YKB,ZO,FMPP2012589139,PH-ZO-DELYKB-30493408,OPENED,2023-11-17T13:25:23.000+05:30,BAG,False,2023-11-17T13:25:23.000+05:30
8,Jhilmil_DEL_PL,MotherHub_YKB,MotherHub_YKB,ZO,FMPC3244537084,PH-ZO-DELYKB-30447706,OPENED,2023-11-17T03:55:59.000+05:30,BAG,False,2023-11-17T03:55:59.000+05:30
9,Pitampurahub_DEL_PL,MotherHub_YKB,MotherHub_YKB,ZO,FMPC3243948959,PH-ZO-DELYKB-29753124,OPENED,2023-11-17T10:36:30.000+05:30,BAG,False,2023-11-17T10:36:30.000+05:30
12,Jhilmil_DEL_PL,MotherHub_YKB,MotherHub_YKB,ZO,FMPP2010371129,PH-ZO-DELYKB-30447805,OPENED,2023-11-17T04:45:07.000+05:30,BAG,False,2023-11-17T04:45:07.000+05:30
16,Jhilmil_DEL_PL,MotherHub_YKB,MotherHub_YKB,ZO,FMPP2010277320,PH-ZO-DELYKB-30393675,OPENED,2023-11-16T12:13:56.000+05:30,BAG,False,2023-11-16T12:13:56.000+05:30
17,Phase3NoidaHub_DEL_PL,MotherHub_YKB,MotherHub_YKB,ZO,FMPC3240199523,PH-ZO-DELYKB-30447053,OPENED,2023-11-16T13:08:24.000+05:30,BAG,False,2023-11-16T13:08:24.000+05:30
20,BurariHub_DEL_PL,MotherHub_YKB,MotherHub_YKB,ZO,FMPP2010329675,PH-ZO-DELYKB-30485760,OPENED,2023-11-17T14:24:46.000+05:30,BAG,False,2023-11-17T14:24:46.000+05:30
24,IPextension_DEL_PL,MotherHub_YKB,MotherHub_YKB,ZO,FMPP2006767803,PH-ZO-DELYKB-30266580,OPENED,2023-11-17T08:00:20.000+05:30,BAG,False,2023-11-17T08:00:20.000+05:30
26,Phase3NoidaHub_DEL_PL,MotherHub_YKB,MotherHub_YKB,ZO,FMPC3241361231,PH-ZO-DELYKB-30480146,OPENED,2023-11-17T14:51:23.000+05:30,BAG,False,2023-11-17T14:51:23.000+05:30
28,MundkaHub_DEL_PL,MotherHub_YKB,MotherHub_YKB,ZO,FMPP2011984785,PH-ZO-DELYKB-30477752,OPENED,2023-11-16T23:56:57.000+05:30,BAG,False,2023-11-16T23:56:57.000+05:30
30,ShahdaraHub_DEL_PL,MotherHub_YKB,MotherHub_YKB,ZO,FMPP2012919707,PH-ZO-221078-102866,OPENED,2023-11-17T05:16:37.000+05:30,BAG,False,2023-11-17T05:16:37.000+05:30
34,WelcomeHub_DEL_PL,MotherHub_YKB,MotherHub_YKB,ZO,FMPP2009617723,PH-ZO-DELYKB-30453122,OPENED,2023-11-17T12:23:41.000+05:30,BAG,False,2023-11-17T12:23:41.000+05:30
35,WelcomeHub_DEL_PL,MotherHub_YKB,MotherHub_YKB,ZO,FMPC3242171105,PH-ZO-DELYKB-30406241,OPENED,2023-11-17T15:30:49.000+05:30,BAG,False,2023-11-17T15:30:49.000+05:30
41,NajafgarhHub_DEL_PL,MotherHub_YKB,MotherHub_YKB,ZO,FMPC3243203828,PH-ZO-DELYKB-30498476,OPENED,2023-11-17T09:12:37.000+05:30,BAG,False,2023-11-17T09:12:37.000+05:30
42,RajnagarMP_DEL_PL,MotherHub_YKB,MotherHub_YKB,ZO,FMPP2011141504,PH-ZO-DELYKB-30460859,OPENED,2023-11-16T03:36:57.000+05:30,BAG,False,2023-11-16T03:36:57.000+05:30
43,VasundharaHub_DEL_PL,MotherHub_YKB,MotherHub_YKB,ZO,FMPC3244048134,PH-ZO-DELYKB-30477947,OPENED,2023-11-17T14:16:36.000+05:30,BAG,False,2023-11-17T14:16:36.000+05:30
45,KarolbaghHub_DEL_PL,MotherHub_YKB,MotherHub_YKB,ZO,FMPP2012874461,PH-ZO-DELYKB-30446498,OPENED,2023-11-17T13:52:50.000+05:30,BAG,False,2023-11-17T13:52:50.000+05:30
48,ShalimarGardenHub_DEL_PL,MotherHub_YKB,MotherHub_YKB,ZO,FMPC3240046910,PH-ZO-DELYKB-29903733,OPENED,2023-11-16T10:13:11.000+05:30,BAG,False,2023-11-16T10:13:11.000+05:30
52,Jhilmil_DEL_PL,MotherHub_YKB,MotherHub_YKB,ZO,FMPC3241119995,PH-ZO-DELYKB-30447727,OPENED,2023-11-16T07:36:02.000+05:30,BAG,False,2023-11-16T07:36:02.000+05:30
54,ShalimarGardenHub_DEL_PL,MotherHub_YKB,MotherHub_YKB,ZO,FMPC3243809762,PH-ZO-DELYKB-30464316,OPENED,2023-11-17T14:41:20.000+05:30,BAG,False,2023-11-17T14:41:20.000+05:30
55,Jhilmil_DEL_PL,MotherHub_YKB,MotherHub_YKB,ZO,FMPC3241073860,PH-ZO-DELYKB-30447805,OPENED,2023-11-17T04:45:07.000+05:30,BAG,False,2023-11-17T04:45:07.000+05:30
60,ModelTownHub_DEL_PL,MotherHub_YKB,MotherHub_YKB,ZO,FMPC3243665443,PH-ZO-DELYKB-30495092,OPENED,2023-11-17T15:57:29.000+05:30,BAG,False,2023-11-17T15:57:29.000+05:30
61,NajafgarhHub_DEL_PL,MotherHub_YKB,MotherHub_YKB,ZO,FMPC3242565097,PH-ZO-DELYKB-30495810,OPENED,2023-11-17T10:02:10.000+05:30,BAG,False,2023-11-17T10:02:10.000+05:30
64,UttamNagarHub_DEL_PL,MotherHub_YKB,MotherHub_YKB,ZO,FMPC3243755785,PH-ZO-DELYKB-30511214,OPENED,2023-11-17T10:28:05.000+05:30,BAG,False,2023-11-17T10:28:05.000+05:30
65,PrahladPur_DEL_PL,MotherHub_YKB,MotherHub_YKB,ZO,FMPC3244556495,PH-ZO-DELYKB-30464802,OPENED,2023-11-17T10:53:32.000+05:30,BAG,False,2023-11-17T10:53:32.000+05:30
66,IPextension_DEL_PL,MotherHub_YKB,MotherHub_YKB,ZO,FMPC3243875882,PH-ZO-DELYKB-30502989,OPENED,2023-11-17T08:34:07.000+05:30,BAG,False,2023-11-17T08:34:07.000+05:30
68,SahibabadHub_DEL_PL,MotherHub_YKB,MotherHub_YKB,ZO,FMPP2013461232,PH-ZO-DELYKB-30474277,OPENED,2023-11-17T12:55:56.000+05:30,BAG,False,2023-11-17T12:55:56.000+05:30
74,NoidaHub_DEL_PL,MotherHub_YKB,MotherHub_YKB,ZO,FMPP2010277940,PH-ZO-DELYKB-30289667,OPENED,2023-11-16T16:17:44.000+05:30,BAG,False,2023-11-16T16:17:44.000+05:30
77,Peeragarhi_DEL_PL,MotherHub_YKB,MotherHub_YKB,ZO,FMPP2011748751,PH-ZO-DELYKB-30429335,OPENED,2023-11-17T15:19:04.000+05:30,BAG,False,2023-11-17T15:19:04.000+05:30
82,Jhilmil_DEL_PL,MotherHub_YKB,MotherHub_YKB,ZO,FMPC3242288095,PH-ZO-DELYKB-30494978,OPENED,2023-11-17T15:50:31.000+05:30,BAG,False,2023-11-17T15:50:31.000+05:30
84,BilaspurHub_DRH_PL,MotherHub_YKB,MotherHub_YKB,ZO,FMPC3240847600,PH-ZO-DELYKB-30136327,OPENED,2023-11-16T08:05:07.000+05:30,BAG,False,2023-11-16T08:05:07.000+05:30
86,BudhViharHub_DEL_PL,MotherHub_YKB,MotherHub_YKB,ZO,FMPP2012172567,PH-ZO-DELYKB-30503655,OPENED,2023-11-17T13:25:28.000+05:30,BAG,False,2023-11-17T13:25:28.000+05:30
89,ShahdaraHub_DEL_PL,MotherHub_YKB,MotherHub_YKB,ZO,FMPC3241496685,PH-ZO-DELYKB-30449835,REACHED,2023-11-16T04:54:07.000+05:30,BAG,False,2023-11-16T04:54:07.000+05:30
90,BawanaHub_DEL_PL,MotherHub_YKB,MotherHub_YKB,ZO,FMPP2012569668,PH-ZO-DELYKB-30359734,OPENED,2023-11-17T09:52:59.000+05:30,BAG,False,2023-11-17T09:52:59.000+05:30
91,Jhilmil_DEL_PL,MotherHub_YKB,MotherHub_YKB,ZO,FMPP2013026465,PH-ZO-DELYKB-30447671,OPENED,2023-11-17T07:34:43.000+05:30,BAG,False,2023-11-17T07:34:43.000+05:30
92,KarolbaghHub_DEL_PL,MotherHub_YKB,MotherHub_YKB,ZO,FMPC3228365773,PH-ZO-DELYKB-30280079,OPENED,2023-11-16T16:43:15.000+05:30,BAG,False,2023-11-16T16:43:15.000+05:30
99,Britania_DEL_PL,MotherHub_YKB,MotherHub_YKB,ZO,FMPC3226002687,PH-ZO-DELYKB-30277439,OPENED,2023-11-17T11:08:26.000+05:30,SORTATION,False,2023-11-17T11:08:26.000+05:30
100,ShalimarGardenHub_DEL_PL,MotherHub_YKB,MotherHub_YKB,ZO,FMPC3244154989,PH-ZO-DELYKB-30484132,OPENED,2023-11-17T15:33:34.000+05:30,BAG,False,2023-11-17T15:33:34.000+05:30
101,NoidaHub_DEL_PL,MotherHub_YKB,MotherHub_YKB,ZO,FMPC3243270440,PH-ZO-DELYKB-30493810,OPENED,2023-11-17T04:59:27.000+05:30,BAG,False,2023-11-17T04:59:27.000+05:30
105,Britania_DEL_PL,MotherHub_YKB,MotherHub_YKB,ZO,FMPC3226029353,PH-ZO-DELYKB-30277439,OPENED,2023-11-17T11:08:31.000+05:30,SORTATION,False,2023-11-17T11:08:31.000+05:30
107,Phase3NoidaHub_DEL_PL,MotherHub_YKB,MotherHub_YKB,ZO,FMPC3240315112,PH-ZO-DELYKB-30480146,OPENED,2023-11-17T14:51:23.000+05:30,BAG,False,2023-11-17T14:51:23.000+05:30
113,YamunaViharHub_DEL_PL,Motherhub_ABD_EXT_VMH,MotherHub_YKB,ZO,FMPC3243629371,PH-ZO-DELYKB-30494878,REACHED,2023-11-17T15:31:10.000+05:30,BAG,True,2023-11-17T15:31:10.000+05:30
116,Jhilmil_DEL_PL,MotherHub_YKB,MotherHub_YKB,ZO,FMPC3235015736,PH-ZO-DELYKB-28259838,OPENED,2023-11-16T09:33:16.000+05:30,BAG,False,2023-11-16T09:33:16.000+05:30
123,Rohinihub_DEL_PL,MotherHub_YKB,MotherHub_YKB,ZO,FMPC3243614617,PH-ZO-DELYKB-30501531,OPENED,2023-11-17T15:07:20.000+05:30,BAG,False,2023-11-17T15:07:20.000+05:30
127,NoidaHub_DEL_PL,MotherHub_YKB,MotherHub_YKB,ZO,FMPP2012568210,PH-ZO-DELYKB-30493408,OPENED,2023-11-17T13:25:23.000+05:30,BAG,False,2023-11-17T13:25:23.000+05:30
128,RajnagarMP_DEL_PL,MotherHub_YKB,MotherHub_YKB,ZO,FMPC3241177509,PH-ZO-DELYKB-30460860,OPENED,2023-11-16T07:59:38.000+05:30,BAG,False,2023-11-16T07:59:38.000+05:30
130,Ramaroadhub_DEL_PL,MotherHub_YKB,MotherHub_YKB,ZO,FMPP2008843593,PH-ZO-DELYKB-30468237,OPENED,2023-11-16T14:54:05.000+05:30,BAG,False,2023-11-16T14:54:05.000+05:30
131,UttamNagarHub_DEL_PL,MotherHub_YKB,MotherHub_YKB,ZO,FMPP2012992201,PH-ZO-DELYKB-29191115,OPENED,2023-11-17T04:32:33.000+05:30,BAG,False,2023-11-17T04:32:33.000+05:30
132,IPextension_DEL_PL,MotherHub_YKB,MotherHub_YKB,ZO,FMPP2012004869,PH-ZO-DELYKB-30456361,OPENED,2023-11-17T03:56:26.000+05:30,BAG,False,2023-11-17T03:56:26.000+05:30
134,Jhilmil_DEL_PL,MotherHub_YKB,MotherHub_YKB,ZO,FMPC3241252770,PH-ZO-DELYKB-30414518,OPENED,2023-11-17T16:16:49.000+05:30,BAG,False,2023-11-17T16:16:49.000+05:30
136,RanibaghHub_DEL_PL,MotherHub_YKB,MotherHub_YKB,ZO,FMPP2012797156,PH-ZO-DELYKB-30483511,OPENED,2023-11-17T08:37:49.000+05:30,BAG,False,2023-11-17T08:37:49.000+05:30
147,RajnagarMP_DEL_PL,MotherHub_YKB,MotherHub_YKB,ZO,FMPC3241221620,PH-ZO-DELYKB-30460860,OPENED,2023-11-16T07:59:38.000+05:30,BAG,False,2023-11-16T07:59:38.000+05:30
152,UttamNagarHub_DEL_PL,MotherHub_YKB,MotherHub_YKB,ZO,FMPC3242500252,PH-ZO-DELYKB-30494105,OPENED,2023-11-17T03:57:15.000+05:30,BAG,False,2023-11-17T03:57:15.000+05:30
157,YamunaViharHub_DEL_PL,MotherHub_YKB,MotherHub_YKB,ZO,FMPC3242579686,PH-ZO-DELYKB-30504917,OPENED,2023-11-17T15:02:21.000+05:30,BAG,False,2023-11-17T15:02:21.000+05:30
159,GandhinagarHub_DEL_PL,MotherHub_YKB,MotherHub_YKB,ZO,FMPC3241622688,PH-ZO-DELYKB-30460143,OPENED,2023-11-16T14:45:58.000+05:30,BAG,False,2023-11-16T14:45:58.000+05:30
164,Jhilmil_DEL_PL,MotherHub_YKB,MotherHub_YKB,ZO,FMPC3240840877,PH-ZO-DELYKB-30493083,OPENED,2023-11-17T14:59:25.000+05:30,BAG,False,2023-11-17T14:59:25.000+05:30
165,Pitampurahub_DEL_PL,MotherHub_YKB,MotherHub_YKB,ZO,FMPC3237196815,PH-ZO-DELYKB-30357986,OPENED,2023-11-17T14:24:49.000+05:30,BAG,False,2023-11-17T14:24:49.000+05:30
166,Rohinihub_DEL_PL,MotherHub_YKB,MotherHub_YKB,ZO,FMPC3225644041,PH-ZO-DELYKB-30294291,OPENED,2023-11-17T11:06:38.000+05:30,SORTATION,False,2023-11-17T11:06:38.000+05:30
169,Phase3NoidaHub_DEL_PL,MotherHub_YKB,MotherHub_YKB,ZO,FMPC3240201019,PH-ZO-DELYKB-30447053,OPENED,2023-11-16T13:08:24.000+05:30,BAG,False,2023-11-16T13:08:24.000+05:30
174,ShahdaraHub_DEL_PL,MotherHub_YKB,MotherHub_YKB,ZO,FMPC3241545179,PH-ZO-DELYKB-30449835,REACHED,2023-11-16T04:54:07.000+05:30,BAG,False,2023-11-16T04:54:07.000+05:30
186,Phase3NoidaHub_DEL_PL,MotherHub_YKB,MotherHub_YKB,ZO,FMPC3242999449,PH-ZO-DELYKB-30478588,OPENED,2023-11-17T16:02:39.000+05:30,BAG,False,2023-11-17T16:02:39.000+05:30
188,ShalimarGardenHub_DEL_PL,MotherHub_YKB,MotherHub_YKB,ZO,FMPC3243007962,PH-ZO-DELYKB-29523188,OPENED,2023-11-17T06:11:49.000+05:30,BAG,False,2023-11-17T06:11:49.000+05:30
190,Jhilmil_DEL_PL,MotherHub_YKB,MotherHub_YKB,ZO,FMPC3243238418,PH-ZO-DELYKB-30494978,OPENED,2023-11-17T15:50:31.000+05:30,BAG,False,2023-11-17T15:50:31.000+05:30
192,Jhilmil_DEL_PL,MotherHub_YKB,MotherHub_YKB,ZO,FMPC3239200171,PH-ZO-DELYKB-30427029,OPENED,2023-11-17T07:39:03.000+05:30,BAG,False,2023-11-17T07:39:03.000+05:30
193,NajafgarhHub_DEL_PL,MotherHub_YKB,MotherHub_YKB,ZO,FMPC3240408881,PH-ZO-DELYKB-30459521,OPENED,2023-11-16T14:25:26.000+05:30,BAG,False,2023-11-16T14:25:26.000+05:30
194,Britania_DEL_PL,MotherHub_YKB,MotherHub_YKB,ZO,FMPC3226001686,PH-ZO-DELYKB-30277439,OPENED,2023-11-17T11:08:50.000+05:30,SORTATION,False,2023-11-17T11:08:50.000+05:30
197,WelcomeHub_DEL_PL,MotherHub_YKB,MotherHub_YKB,ZO,FMPC3244137275,PH-ZO-DELYKB-30102412,OPENED,2023-11-17T15:25:51.000+05:30,BAG,False,2023-11-17T15:25:51.000+05:30
199,FaridabadHub_DEL_PL,MotherHub_YKB,MotherHub_YKB,ZO,FMPC3241135941,PH-ZO-DELYKB-30467402,OPENED,2023-11-16T03:38:32.000+05:30,BAG,False,2023-11-16T03:38:32.000+05:30
200,Phase3NoidaHub_DEL_PL,MotherHub_YKB,MotherHub_YKB,ZO,FMPC3243737014,PH-ZO-DELYKB-30480286,OPENED,2023-11-17T15:35:24.000+05:30,BAG,False,2023-11-17T15:35:24.000+05:30
206,Rohinihub_DEL_PL,MotherHub_YKB,MotherHub_YKB,ZO,FMPC3241085915,PH-ZO-DELYKB-30458540,OPENED,2023-11-16T10:08:28.000+05:30,BAG,False,2023-11-16T10:08:28.000+05:30
208,NajafgarhHub_DEL_PL,MotherHub_YKB,MotherHub_YKB,ZO,FMPP2012358711,PH-ZO-DELYKB-30499720,OPENED,2023-11-17T09:10:59.000+05:30,BAG,False,2023-11-17T09:10:59.000+05:30
211,BudhViharHub_DEL_PL,MotherHub_YKB,MotherHub_YKB,ZO,FMPC3240030941,PH-ZO-DELYKB-30467270,OPENED,2023-11-16T15:00:35.000+05:30,BAG,False,2023-11-16T15:00:35.000+05:30
218,PaharganjHub_DEL_PL,MotherHub_YKB,MotherHub_YKB,ZO,FMPP2013307833,PH-ZO-DELYKB-30166490,OPENED,2023-11-17T16:08:58.000+05:30,BAG,False,2023-11-17T16:08:58.000+05:30
220,RajnagarMP_DEL_PL,MotherHub_YKB,MotherHub_YKB,ZO,FMPC3241184015,PH-ZO-DELYKB-30460860,OPENED,2023-11-16T07:59:38.000+05:30,BAG,False,2023-11-16T07:59:38.000+05:30
222,DasnaHub_DEL_PL,MotherHub_YKB,MotherHub_YKB,ZO,FMPC3243729347,PH-ZO-DELYKB-30354365,OPENED,2023-11-17T16:08:35.000+05:30,BAG,False,2023-11-17T16:08:35.000+05:30
223,Chhatarpur_DEL_PL,MotherHub_YKB,MotherHub_YKB,ZO,FMPC3243147856,PH-ZO-DELYKB-30459457,OPENED,2023-11-17T16:10:43.000+05:30,BAG,False,2023-11-17T16:10:43.000+05:30
224,NajafgarhHub_DEL_PL,MotherHub_YKB,MotherHub_YKB,ZO,FMPC3242843504,PH-ZO-DELYNB-30496522,OPENED,2023-11-17T14:34:29.000+05:30,BAG,False,2023-11-17T14:34:29.000+05:30
225,Phase3NoidaHub_DEL_PL,MotherHub_YKB,MotherHub_YKB,ZO,FMPC3231690855,PH-ZO-DELYKB-30319003,OPENED,2023-11-17T10:25:31.000+05:30,BAG,False,2023-11-17T10:25:31.000+05:30
227,WelcomeHub_DEL_PL,MotherHub_YKB,MotherHub_YKB,ZO,FMPC3241767488,PH-ZO-DELYKB-30397299,OPENED,2023-11-17T13:28:39.000+05:30,BAG,False,2023-11-17T13:28:39.000+05:30
228,Pitampurahub_DEL_PL,MotherHub_YKB,MotherHub_YKB,ZO,FMPP2009163581,PH-ZO-DELYKB-30482469,OPENED,2023-11-17T16:11:18.000+05:30,BAG,False,2023-11-17T16:11:18.000+05:30
229,Jhilmil_DEL_PL,MotherHub_YKB,MotherHub_YKB,ZO,FMPC3239767396,PH-ZO-DELYKB-30447804,OPENED,2023-11-16T09:42:59.000+05:30,BAG,False,2023-11-16T09:42:59.000+05:30
233,Phase3NoidaHub_DEL_PL,MotherHub_YKB,MotherHub_YKB,ZO,FMPC3241117404,PH-ZO-DELYKB-30447053,OPENED,2023-11-16T13:08:24.000+05:30,BAG,False,2023-11-16T13:08:24.000+05:30
237,Phase3NoidaHub_DEL_PL,MotherHub_YKB,MotherHub_YKB,ZO,FMPC3231423728,PH-ZO-DELYKB-30319003,OPENED,2023-11-17T10:25:31.000+05:30,BAG,False,2023-11-17T10:25:31.000+05:30
239,ModelTownHub_DEL_PL,MotherHub_YKB,MotherHub_YKB,ZO,FMPC3243620302,PH-ZO-DELYKB-30465831,OPENED,2023-11-17T15:55:11.000+05:30,BAG,False,2023-11-17T15:55:11.000+05:30
241,Britania_DEL_PL,MotherHub_YKB,MotherHub_YKB,ZO,FMPC3226001684,PH-ZO-DELYKB-30277439,OPENED,2023-11-17T11:07:52.000+05:30,SORTATION,False,2023-11-17T11:07:52.000+05:30
244,Britania_DEL_PL,MotherHub_YKB,MotherHub_YKB,ZO,FMPP2007482413,PH-ZO-DELYKB-30413417,OPENED,2023-11-16T12:45:10.000+05:30,BAG,False,2023-11-16T12:45:10.000+05:30
245,Phase3NoidaHub_DEL_PL,MotherHub_YKB,MotherHub_YKB,ZO,FMPC3237888967,PH-ZO-DELYKB-30423092,OPENED,2023-11-16T06:12:13.000+05:30,BAG,False,2023-11-16T06:12:13.000+05:30
246,Rohinihub_DEL_PL,MotherHub_YKB,MotherHub_YKB,ZO,FMPC3243956652,PH-ZO-DELYKB-30497233,OPENED,2023-11-17T15:29:53.000+05:30,BAG,False,2023-11-17T15:29:53.000+05:30
248,AshokviharHub_DEL_PL,MotherHub_YKB,MotherHub_YKB,ZO,FMPC3239563646,PH-ZO-DELYKB-30464725,OPENED,2023-11-16T15:00:54.000+05:30,BAG,False,2023-11-16T15:00:54.000+05:30
250,Phase3NoidaHub_DEL_PL,MotherHub_YKB,MotherHub_YKB,ZO,FMPC3239028163,PH-ZO-DELYKB-30394246,OPENED,2023-11-16T14:46:28.000+05:30,BAG,False,2023-11-16T14:46:28.000+05:30
252,Jhilmil_DEL_PL,MotherHub_YKB,MotherHub_YKB,ZO,FMPP2013347979,PH-ZO-DELYKB-30492029,OPENED,2023-11-17T15:45:19.000+05:30,BAG,False,2023-11-17T15:45:19.000+05:30
261,NajafgarhHub_DEL_PL,MotherHub_YKB,MotherHub_YKB,ZO,FMPC3241152396,PH-ZO-DELYKB-30041839,OPENED,2023-11-16T15:05:04.000+05:30,BAG,False,2023-11-16T15:05:04.000+05:30
262,Ramaroadhub_DEL_PL,MotherHub_YKB,MotherHub_YKB,ZO,FMPC3240493501,PH-ZO-DELYKB-30493509,OPENED,2023-11-17T19:48:40.000+05:30,BAG,False,2023-11-17T19:48:40.000+05:30
263,RanibaghHub_DEL_PL,MotherHub_YKB,MotherHub_YKB,ZO,FMPC3241400072,PH-ZO-DELYKB-30462347,OPENED,2023-11-16T14:46:10.000+05:30,BAG,False,2023-11-16T14:46:10.000+05:30
267,WelcomeHub_DEL_PL,MotherHub_YKB,MotherHub_YKB,ZO,FMPC3241509990,PH-ZO-DELYKB-30320196,OPENED,2023-11-16T13:17:08.000+05:30,BAG,False,2023-11-16T13:17:08.000+05:30
268,Britania_DEL_PL,MotherHub_YKB,MotherHub_YKB,ZO,FMPP2001276015,PH-ZO-DELYKB-30277439,OPENED,2023-11-17T11:07:12.000+05:30,SORTATION,False,2023-11-17T11:07:12.000+05:30
270,UttamNagarHub_DEL_PL,MotherHub_YKB,MotherHub_YKB,ZO,FMPC3241726554,PH-ZO-DELYKB-30455622,OPENED,2023-11-16T14:13:53.000+05:30,BAG,False,2023-11-16T14:13:53.000+05:30
271,PaharganjHub_DEL_PL,MotherHub_YKB,MotherHub_YKB,ZO,FMPP2012726213,PH-ZO-DELYKB-30482194,OPENED,2023-11-17T15:53:37.000+05:30,BAG,False,2023-11-17T15:53:37.000+05:30
272,ShahdaraHub_DEL_PL,MotherHub_YKB,MotherHub_YKB,ZO,FMPC3243817265,PH-ZO-DELYKB-30473079,OPENED,2023-11-17T05:24:57.000+05:30,BAG,False,2023-11-17T05:24:57.000+05:30
275,PrahladPur_DEL_PL,MotherHub_YKB,MotherHub_YKB,ZO,FMPC3243681744,PH-ZO-DELYKB-30349321,OPENED,2023-11-17T16:02:44.000+05:30,BAG,False,2023-11-17T16:02:44.000+05:30
278,ChanakyapuriHub_DEL_PL,MotherHub_YKB,MotherHub_YKB,ZO,FMPP2006457587,PH-ZO-DELYKB-30357853,OPENED,2023-11-17T02:14:35.000+05:30,BAG,False,2023-11-17T02:14:35.000+05:30
279,NehruPlaceHub_DEL_PL,MotherHub_YKB,MotherHub_YKB,ZO,FMPC3240200323,PH-ZO-DELYKB-30463582,OPENED,2023-11-16T15:03:15.000+05:30,BAG,False,2023-11-16T15:03:15.000+05:30
280,YamunaViharHub_DEL_PL,MotherHub_YKB,MotherHub_YKB,ZO,FMPC3243135965,PH-ZO-DELYKB-30504919,OPENED,2023-11-17T16:19:23.000+05:30,BAG,False,2023-11-17T16:19:23.000+05:30
286,ShalimarGardenHub_DEL_PL,MotherHub_YKB,MotherHub_YKB,ZO,FMPC3241066195,PH-ZO-DELYKB-30464028,OPENED,2023-11-16T15:05:02.000+05:30,BAG,False,2023-11-16T15:05:02.000+05:30
292,ChanakyapuriHub_DEL_PL,MotherHub_YKB,MotherHub_YKB,ZO,FMPC3237461081,PH-ZO-DELYKB-30471911,OPENED,2023-11-16T12:58:21.000+05:30,BAG,False,2023-11-16T12:58:21.000+05:30
296,PrahladPur_DEL_PL,MotherHub_YKB,MotherHub_YKB,ZO,FMPC3241444964,PH-ZO-DELYKB-30458106,OPENED,2023-11-16T17:12:16.000+05:30,BAG,False,2023-11-16T17:12:16.000+05:30
298,ShahdaraHub_DEL_PL,MotherHub_YKB,MotherHub_YKB,ZO,FMPP2009003712,PH-ZO-DELYKB-30449844,OPENED,2023-11-16T14:27:49.000+05:30,BAG,False,2023-11-16T14:27:49.000+05:30
302,Britania_DEL_PL,MotherHub_YKB,MotherHub_YKB,ZO,FMPC3240598779,PH-ZO-DELYKB-30469532,OPENED,2023-11-16T17:13:19.000+05:30,BAG,False,2023-11-16T17:13:19.000+05:30
303,KarolbaghHub_DEL_PL,MotherHub_YKB,MotherHub_YKB,ZO,FMPP2010344715,PH-ZO-DELYKB-30207075,OPENED,2023-11-16T12:34:05.000+05:30,BAG,False,2023-11-16T12:34:05.000+05:30
307,Chhatarpur_DEL_PL,MotherHub_YKB,MotherHub_YKB,ZO,FMPC3242820335,PH-ZO-DELYKB-30459457,OPENED,2023-11-17T16:10:43.000+05:30,BAG,False,2023-11-17T16:10:43.000+05:30
308,Pitampurahub_DEL_PL,MotherHub_YKB,MotherHub_YKB,ZO,FMPC3242400104,PH-ZO-DELYKB-30145596,OPENED,2023-11-17T09:29:19.000+05:30,BAG,False,2023-11-17T09:29:19.000+05:30
317,RajnagarMP_DEL_PL,MotherHub_YKB,MotherHub_YKB,ZO,FMPC3241188637,PH-ZO-DELYKB-30460860,OPENED,2023-11-16T07:59:38.000+05:30,BAG,False,2023-11-16T07:59:38.000+05:30
318,SangamviharHub_DEL_PL,MotherHub_YKB,MotherHub_YKB,ZO,FMPP2013151012,PH-ZO-DELYKB-30406148,OPENED,2023-11-17T15:03:19.000+05:30,BAG,False,2023-11-17T15:03:19.000+05:30
319,AshokviharHub_DEL_PL,MotherHub_YKB,MotherHub_YKB,ZO,FMPC3241206965,PH-ZO-DELYKB-30463048,OPENED,2023-11-17T04:03:20.000+05:30,BAG,False,2023-11-17T04:03:20.000+05:30
321,Phase3NoidaHub_DEL_PL,MotherHub_YKB,MotherHub_YKB,ZO,FMPC3244396909,PH-ZO-DELYKB-30478096,OPENED,2023-11-17T15:32:50.000+05:30,BAG,False,2023-11-17T15:32:50.000+05:30
325,RajnagarMP_DEL_PL,MotherHub_YKB,MotherHub_YKB,ZO,FMPP2011138003,PH-ZO-DELYKB-30460859,OPENED,2023-11-16T03:36:57.000+05:30,BAG,False,2023-11-16T03:36:57.000+05:30
326,Peeragarhi_DEL_PL,MotherHub_YKB,MotherHub_YKB,ZO,FMPC3242466185,PH-ZO-DELYKB-30486509,OPENED,2023-11-17T15:28:52.000+05:30,BAG,False,2023-11-17T15:28:52.000+05:30
328,UttamNagarHub_DEL_PL,MotherHub_YKB,MotherHub_YKB,ZO,FMPC3244250737,PH-ZO-DELYKB-30491993,OPENED,2023-11-17T16:17:53.000+05:30,BAG,False,2023-11-17T16:17:53.000+05:30
329,Phase3NoidaHub_DEL_PL,MotherHub_YKB,MotherHub_YKB,ZO,FMPC3242971555,PH-ZO-DELYKB-30447293,OPENED,2023-11-17T15:07:39.000+05:30,BAG,False,2023-11-17T15:07:39.000+05:30
333,Jhilmil_DEL_PL,MotherHub_YKB,MotherHub_YKB,ZO,FMPC3236346385,PH-ZO-DELYKB-30393678,OPENED,2023-11-17T05:30:36.000+05:30,BAG,False,2023-11-17T05:30:36.000+05:30
334,PrahladPur_DEL_PL,MotherHub_YKB,MotherHub_YKB,ZO,FMPC3241093720,PH-ZO-DELYKB-30461445,OPENED,2023-11-16T10:26:26.000+05:30,BAG,False,2023-11-16T10:26:26.000+05:30
338,YamunaViharHub_DEL_PL,MotherHub_YKB,MotherHub_YKB,ZO,FMPC3244354202,PH-ZO-DELYKB-30504920,OPENED,2023-11-17T15:29:46.000+05:30,BAG,False,2023-11-17T15:29:46.000+05:30
339,Britania_DEL_PL,MotherHub_YKB,MotherHub_YKB,ZO,FMPP2012005113,PH-ZO-DELYKB-30474406,OPENED,2023-11-17T14:39:22.000+05:30,BAG,False,2023-11-17T14:39:22.000+05:30
340,MangolpuriHub_DEL_PL,MotherHub_YKB,MotherHub_YKB,ZO,FMPC3241347917,PH-ZO-DELYKB-30458553,OPENED,2023-11-16T08:04:59.000+05:30,BAG,False,2023-11-16T08:04:59.000+05:30
343,ShalimarGardenHub_DEL_PL,MotherHub_YKB,MotherHub_YKB,ZO,FMPC3241062693,PH-ZO-DELYKB-30464028,OPENED,2023-11-16T15:05:02.000+05:30,BAG,False,2023-11-16T15:05:02.000+05:30
347,Britania_DEL_PL,MotherHub_YKB,MotherHub_YKB,ZO,FMPC3225997681,PH-ZO-DELYKB-30277439,OPENED,2023-11-17T11:08:55.000+05:30,SORTATION,False,2023-11-17T11:08:55.000+05:30
349,KarolbaghHub_DEL_PL,MotherHub_YKB,MotherHub_YKB,ZO,FMPP2013236557,PH-ZO-DELYKB-28402350,OPENED,2023-11-17T12:50:59.000+05:30,BAG,False,2023-11-17T12:50:59.000+05:30
351,Rohinihub_DEL_PL,MotherHub_YKB,MotherHub_YKB,ZO,FMPP2011059045,PH-ZO-DELYKB-30458540,OPENED,2023-11-16T10:08:28.000+05:30,BAG,False,2023-11-16T10:08:28.000+05:30
354,Britania_DEL_PL,MotherHub_YKB,MotherHub_YKB,ZO,FMPC3228380977,PH-ZO-DELYKB-30277439,OPENED,2023-11-17T11:08:21.000+05:30,SORTATION,False,2023-11-17T11:08:21.000+05:30
363,Peeragarhi_DEL_PL,MotherHub_YKB,MotherHub_YKB,ZO,FMPP2012818743,PH-ZO-DELYKB-30406070,OPENED,2023-11-17T08:13:43.000+05:30,BAG,False,2023-11-17T08:13:43.000+05:30
367,RajnagarMP_DEL_PL,MotherHub_YKB,MotherHub_YKB,ZO,FMPC3240538650,PH-ZO-DELYKB-30502589,OPENED,2023-11-17T13:05:28.000+05:30,BAG,False,2023-11-17T13:05:28.000+05:30
369,RajnagarMP_DEL_PL,MotherHub_YKB,MotherHub_YKB,ZO,FMPC3241192138,PH-ZO-DELYKB-30460859,OPENED,2023-11-16T03:36:57.000+05:30,BAG,False,2023-11-16T03:36:57.000+05:30
372,NehruPlaceHub_DEL_PL,MotherHub_YKB,MotherHub_YKB,ZO,FMPC3244583760,PH-ZO-DELYKB-30499242,OPENED,2023-11-17T13:24:28.000+05:30,BAG,False,2023-11-17T13:24:28.000+05:30
373,NoidaHub_DEL_PL,MotherHub_YKB,MotherHub_YKB,ZO,FMPC3243066913,PH-ZO-DELYKB-30336610,OPENED,2023-11-17T09:41:27.000+05:30,BAG,False,2023-11-17T09:41:27.000+05:30
378,NajafgarhHub_DEL_PL,MotherHub_YKB,MotherHub_YKB,ZO,FMPC3244373206,PH-ZO-DELYKB-30496256,OPENED,2023-11-17T04:25:35.000+05:30,BAG,False,2023-11-17T04:25:35.000+05:30
381,PrahladPur_DEL_PL,MotherHub_YKB,MotherHub_YKB,ZO,FMPC3241602420,PH-ZO-DELYKB-30387018,OPENED,2023-11-16T14:56:13.000+05:30,BAG,False,2023-11-16T14:56:13.000+05:30
387,Peeragarhi_DEL_PL,MotherHub_YKB,MotherHub_YKB,ZO,FMPC3237958299,PH-ZO-DELYKB-30426456,OPENED,2023-11-15T12:24:25.000+05:30,BAG,False,2023-11-15T12:24:25.000+05:30
388,ShahdaraHub_DEL_PL,MotherHub_YKB,MotherHub_YKB,ZO,FMPP2012923221,PH-ZO-DELYKB-30473079,OPENED,2023-11-17T05:24:57.000+05:30,BAG,False,2023-11-17T05:24:57.000+05:30
392,Pitampurahub_DEL_PL,MotherHub_YKB,MotherHub_YKB,ZO,FMPC3239624069,PH-ZO-DELYKB-30422372,OPENED,2023-11-17T10:12:12.000+05:30,BAG,False,2023-11-17T10:12:12.000+05:30
393,MundkaHub_DEL_PL,MotherHub_YKB,MotherHub_YKB,ZO,FMPC3241075495,PH-ZO-DELYKB-30478255,OPENED,2023-11-17T15:36:52.000+05:30,BAG,False,2023-11-17T15:36:52.000+05:30
394,FaridabadHub_DEL_PL,MotherHub_YKB,MotherHub_YKB,ZO,FMPC3239689771,PH-ZO-DELYKB-30438952,OPENED,2023-11-15T13:27:27.000+05:30,BAG,False,2023-11-15T13:27:27.000+05:30
400,Britania_DEL_PL,MotherHub_YKB,MotherHub_YKB,ZO,FMPC3225999190,PH-ZO-DELYKB-30277439,OPENED,2023-11-17T11:07:28.000+05:30,SORTATION,False,2023-11-17T11:07:28.000+05:30
404,Rohinihub_DEL_PL,MotherHub_YKB,MotherHub_YKB,ZO,FMPC3243641672,PH-ZO-DELYKB-30324711,OPENED,2023-11-17T10:51:28.000+05:30,BAG,False,2023-11-17T10:51:28.000+05:30
405,Rohinihub_DEL_PL,MotherHub_YKB,MotherHub_YKB,ZO,FMPP2012926832,PH-ZO-DELYKB-30493450,OPENED,2023-11-17T15:51:08.000+05:30,BAG,False,2023-11-17T15:51:08.000+05:30
407,ShalimarGardenHub_DEL_PL,MotherHub_YKB,MotherHub_YKB,ZO,FMPC3241055813,PH-ZO-DELYKB-30464028,OPENED,2023-11-16T15:05:02.000+05:30,BAG,False,2023-11-16T15:05:02.000+05:30
409,Phase3NoidaHub_DEL_PL,MotherHub_YKB,MotherHub_YKB,ZO,FMPP2011712542,PH-ZO-DELYKB-30478097,OPENED,2023-11-17T12:44:56.000+05:30,BAG,False,2023-11-17T12:44:56.000+05:30
410,NajafgarhHub_DEL_PL,MotherHub_YKB,MotherHub_YKB,ZO,FMPC3242761547,PH-ZO-DELYKB-30499721,OPENED,2023-11-17T09:14:28.000+05:30,BAG,False,2023-11-17T09:14:28.000+05:30
411,ChanakyapuriHub_DEL_PL,MotherHub_YKB,MotherHub_YKB,ZO,FMPP2006579757,PH-ZO-DELYKB-30462616,OPENED,2023-11-16T17:01:03.000+05:30,BAG,False,2023-11-16T17:01:03.000+05:30
414,Rohinihub_DEL_PL,MotherHub_YKB,MotherHub_YKB,ZO,FMPC3243358415,PH-ZO-DELYKB-30375784,OPENED,2023-11-17T14:35:52.000+05:30,BAG,False,2023-11-17T14:35:52.000+05:30
419,Alipur_DEL_PL,MotherHub_YKB,MotherHub_YKB,ZO,FMPP2010655366,PH-ZO-DELYKB-30391123,OPENED,2023-11-16T15:02:08.000+05:30,BAG,False,2023-11-16T15:02:08.000+05:30
425,RajnagarMP_DEL_PL,MotherHub_YKB,MotherHub_YKB,ZO,FMPP2011225425,PH-ZO-DELYKB-30460573,OPENED,2023-11-16T11:02:13.000+05:30,BAG,False,2023-11-16T11:02:13.000+05:30
428,BudhViharHub_DEL_PL,MotherHub_YKB,MotherHub_YKB,ZO,FMPC3241752109,PH-ZO-DELYKB-30433312,OPENED,2023-11-16T14:23:18.000+05:30,BAG,False,2023-11-16T14:23:18.000+05:30
429,BilaspurHub_DRH_PL,MotherHub_YKB,MotherHub_YKB,ZO,FMPC3241890557,PH-ZO-DELYKB-30136321,OPENED,2023-11-16T14:45:16.000+05:30,BAG,False,2023-11-16T14:45:16.000+05:30
432,Phase3NoidaHub_DEL_PL,MotherHub_YKB,MotherHub_YKB,ZO,FMPP2011816868,PH-ZO-DELYKB-30478097,OPENED,2023-11-17T12:44:56.000+05:30,BAG,False,2023-11-17T12:44:56.000+05:30
434,Jhilmil_DEL_PL,MotherHub_YKB,MotherHub_YKB,ZO,FMPP2012896581,PH-ZO-DELYKB-30501022,OPENED,2023-11-17T19:43:23.000+05:30,BAG,False,2023-11-17T19:43:23.000+05:30
435,SahibabadHub_DEL_PL,MotherHub_YKB,MotherHub_YKB,ZO,FMPP2009872135,PH-ZO-DELYKB-30445790,OPENED,2023-11-17T09:39:16.000+05:30,BAG,False,2023-11-17T09:39:16.000+05:30
439,GurgaonHub_DEL_PL,MotherHub_YKB,MotherHub_YKB,ZO,FMPC3239763727,PH-ZO-DELYKB-30429851,OPENED,2023-11-16T13:15:17.000+05:30,BAG,False,2023-11-16T13:15:17.000+05:30
443,KanjhawalaHub_DEL_PL,MotherHub_YKB,MotherHub_YKB,ZO,FMPC3241272585,PH-ZO-DELYKB-29750440,OPENED,2023-11-17T14:27:17.000+05:30,BAG,False,2023-11-17T14:27:17.000+05:30
446,Phase3NoidaHub_DEL_PL,MotherHub_YKB,MotherHub_YKB,ZO,FMPC3243443058,PH-ZO-DELYKB-30478598,OPENED,2023-11-17T13:57:14.000+05:30,BAG,False,2023-11-17T13:57:14.000+05:30
450,NoidaHub_DEL_PL,MotherHub_YKB,MotherHub_YKB,ZO,FMPP2012614148,PH-ZO-DELYKB-30493408,OPENED,2023-11-17T13:25:23.000+05:30,BAG,False,2023-11-17T13:25:23.000+05:30
455,PrahladPur_DEL_PL,MotherHub_YKB,MotherHub_YKB,ZO,FMPC3243105943,PH-ZO-DELYKB-30489659,OPENED,2023-11-17T14:24:41.000+05:30,BAG,False,2023-11-17T14:24:41.000+05:30
464,UttamNagarHub_DEL_PL,MotherHub_YKB,MotherHub_YKB,ZO,FMPC3239748500,PH-ZO-DELYKB-30454421,OPENED,2023-11-16T13:09:29.000+05:30,BAG,False,2023-11-16T13:09:29.000+05:30
470,SahibabadHub_DEL_PL,MotherHub_YKB,MotherHub_YKB,ZO,FMPP2013310353,PH-ZO-DELYKB-30474277,OPENED,2023-11-17T12:55:56.000+05:30,BAG,False,2023-11-17T12:55:56.000+05:30
476,NoidaHub_DEL_PL,MotherHub_YKB,MotherHub_YKB,ZO,FMPC3243749016,PH-ZO-DELYKB-30465254,OPENED,2023-11-17T12:23:21.000+05:30,BAG,False,2023-11-17T12:23:21.000+05:30
478,MangolpuriHub_DEL_PL,MotherHub_YKB,MotherHub_YKB,ZO,FMPC3241162126,PH-ZO-DELYKB-30141672,OPENED,2023-11-16T16:45:18.000+05:30,BAG,False,2023-11-16T16:45:18.000+05:30
481,RajnagarMP_DEL_PL,MotherHub_YKB,MotherHub_YKB,ZO,FMPC3242744794,PH-ZO-DELYKB-30504484,OPENED,2023-11-17T14:47:04.000+05:30,BAG,False,2023-11-17T14:47:04.000+05:30
483,BudhViharHub_DEL_PL,MotherHub_YKB,MotherHub_YKB,ZO,FMPC3240000746,PH-ZO-DELYKB-30505464,OPENED,2023-11-17T02:48:25.000+05:30,BAG,False,2023-11-17T02:48:25.000+05:30
487,MundkaHub_DEL_PL,MotherHub_YKB,MotherHub_YKB,ZO,FMPC3242095295,PH-ZO-DELYKB-30418712,OPENED,2023-11-16T08:52:21.000+05:30,BAG,False,2023-11-16T08:52:21.000+05:30
488,Britania_DEL_PL,MotherHub_YKB,MotherHub_YKB,ZO,FMPC3228366190,PH-ZO-DELYKB-30277439,OPENED,2023-11-17T11:08:36.000+05:30,SORTATION,False,2023-11-17T11:08:36.000+05:30
489,Motibaghhub_DEL_PL,MotherHub_YKB,MotherHub_YKB,ZO,FMPC3243890051,PH-ZO-DELYKB-30492891,OPENED,2023-11-17T10:52:34.000+05:30,BAG,False,2023-11-17T10:52:34.000+05:30
490,JasolaHub_DEL_PL,MotherHub_YKB,MotherHub_YKB,ZO,FMPC3243200537,PH-ZO-DELYKB-30496119,OPENED,2023-11-17T08:39:31.000+05:30,BAG,False,2023-11-17T08:39:31.000+05:30
491,SangamviharHub_DEL_PL,MotherHub_YKB,MotherHub_YKB,ZO,FMPP2004372887,PH-ZO-DELYKB-30497073,OPENED,2023-11-17T17:26:49.000+05:30,BAG,False,2023-11-17T17:26:49.000+05:30
494,Rohinihub_DEL_PL,MotherHub_YKB,MotherHub_YKB,ZO,FMPC3243744352,PH-ZO-DELYKB-30487456,OPENED,2023-11-17T14:25:30.000+05:30,BAG,False,2023-11-17T14:25:30.000+05:30
499,ShalimarGardenHub_DEL_PL,MotherHub_YKB,MotherHub_YKB,ZO,FMPP2011061961,PH-ZO-DELYKB-30464028,OPENED,2023-11-16T15:05:02.000+05:30,BAG,False,2023-11-16T15:05:02.000+05:30
503,Britania_DEL_PL,MotherHub_YKB,MotherHub_YKB,ZO,FMPC3226006182,PH-ZO-DELYKB-30277439,OPENED,2023-11-17T11:08:01.000+05:30,SORTATION,False,2023-11-17T11:08:01.000+05:30
505,Britania_DEL_PL,MotherHub_YKB,MotherHub_YKB,ZO,FMPC3226003690,PH-ZO-DELYKB-30277439,OPENED,2023-11-17T11:07:18.000+05:30,SORTATION,False,2023-11-17T11:07:18.000+05:30
513,UttamNagarHub_DEL_PL,MotherHub_YKB,MotherHub_YKB,ZO,FMPC3237777287,PH-ZO-DELYKB-30453617,OPENED,2023-11-16T14:57:02.000+05:30,BAG,False,2023-11-16T14:57:02.000+05:30
517,PrahladPur_DEL_PL,MotherHub_YKB,MotherHub_YKB,ZO,FMPC3240865012,PH-ZO-DELYKB-30464799,OPENED,2023-11-16T13:45:14.000+05:30,BAG,False,2023-11-16T13:45:14.000+05:30
522,Chhatarpur_DEL_PL,MotherHub_YKB,MotherHub_YKB,ZO,FMPC3240942180,PH-ZO-DELYKB-30456164,OPENED,2023-11-16T15:04:23.000+05:30,BAG,False,2023-11-16T15:04:23.000+05:30
525,NajafgarhHub_DEL_PL,MotherHub_YKB,MotherHub_YKB,ZO,FMPP2012965444,PH-ZO-DELYKB-30497059,OPENED,2023-11-17T00:25:23.000+05:30,BAG,False,2023-11-17T00:25:23.000+05:30
526,JasolaHub_DEL_PL,MotherHub_YKB,MotherHub_YKB,ZO,FMPC3240594481,PH-ZO-DELYKB-30463527,OPENED,2023-11-16T14:47:24.000+05:30,BAG,False,2023-11-16T14:47:24.000+05:30
527,Jhilmil_DEL_PL,MotherHub_YKB,MotherHub_YKB,ZO,FMPC3243960750,PH-ZO-DELYKB-30447814,OPENED,2023-11-17T15:58:36.000+05:30,BAG,False,2023-11-17T15:58:36.000+05:30
528,Britania_DEL_PL,MotherHub_YKB,MotherHub_YKB,ZO,FMPC3225998188,PH-ZO-DELYKB-30277439,OPENED,2023-11-17T11:06:20.000+05:30,SORTATION,False,2023-11-17T11:06:20.000+05:30
529,JasolaHub_DEL_PL,MotherHub_YKB,MotherHub_YKB,ZO,FMPC3241863239,PH-ZO-DELYKB-30452944,OPENED,2023-11-16T14:45:32.000+05:30,BAG,False,2023-11-16T14:45:32.000+05:30
533,Jhilmil_DEL_PL,MotherHub_YKB,MotherHub_YKB,ZO,FMPC3239852503,PH-ZO-DELYKB-30393678,OPENED,2023-11-17T05:30:36.000+05:30,BAG,False,2023-11-17T05:30:36.000+05:30
534,Britania_DEL_PL,MotherHub_YKB,MotherHub_YKB,ZO,FMPC3241368581,PH-ZO-DELYKB-30412723,OPENED,2023-11-16T15:04:04.000+05:30,BAG,False,2023-11-16T15:04:04.000+05:30
535,Ramaroadhub_DEL_PL,MotherHub_YKB,MotherHub_YKB,ZO,FMPC3237757042,PH-ZO-DELYKB-30468236,OPENED,2023-11-16T15:51:36.000+05:30,BAG,False,2023-11-16T15:51:36.000+05:30
538,PrahladPur_DEL_PL,MotherHub_YKB,MotherHub_YKB,ZO,FMPC3244281435,PH-ZO-DELYKB-30458068,OPENED,2023-11-17T15:46:59.000+05:30,BAG,False,2023-11-17T15:46:59.000+05:30
540,DasnaHub_DEL_PL,MotherHub_YKB,MotherHub_YKB,ZO,FMPC3239078227,PH-ZO-DELYKB-30458218,OPENED,2023-11-16T08:57:13.000+05:30,BAG,False,2023-11-16T08:57:13.000+05:30
541,NoidaHub_DEL_PL,MotherHub_YKB,MotherHub_YKB,ZO,FMPC3243319765,PH-ZO-DELYKB-30493408,OPENED,2023-11-17T13:25:23.000+05:30,BAG,False,2023-11-17T13:25:23.000+05:30
544,WelcomeHub_DEL_PL,MotherHub_YKB,MotherHub_YKB,ZO,FMPC3237960805,PH-ZO-DELYKB-30423075,OPENED,2023-11-15T15:49:57.000+05:30,BAG,False,2023-11-15T15:49:57.000+05:30
548,FaridabadHub_DEL_PL,MotherHub_YKB,MotherHub_YKB,ZO,FMPC3244640725,PH-ZO-DELYKB-30500896,OPENED,2023-11-17T13:25:20.000+05:30,BAG,False,2023-11-17T13:25:20.000+05:30
551,SangamviharHub_DEL_PL,MotherHub_YKB,MotherHub_YKB,ZO,FMPC3244240390,PH-ZO-DELYKB-30495952,OPENED,2023-11-17T14:16:22.000+05:30,BAG,False,2023-11-17T14:16:22.000+05:30
553,SahibabadHub_DEL_PL,MotherHub_YKB,MotherHub_YKB,ZO,FMPP2012641566,PH-ZO-DELYKB-30276473,OPENED,2023-11-17T13:37:10.000+05:30,BAG,False,2023-11-17T13:37:10.000+05:30
556,ShalimarGardenHub_DEL_PL,MotherHub_YKB,MotherHub_YKB,ZO,FMPC3241096098,PH-ZO-DELYKB-30464028,OPENED,2023-11-16T15:05:02.000+05:30,BAG,False,2023-11-16T15:05:02.000+05:30
557,UttamNagarHub_DEL_PL,MotherHub_YKB,MotherHub_YKB,ZO,FMPC3243850687,PH-ZO-DELYKB-30452875,OPENED,2023-11-17T03:50:30.000+05:30,BAG,False,2023-11-17T03:50:30.000+05:30
558,Jhilmil_DEL_PL,MotherHub_YKB,MotherHub_YKB,ZO,FMPC3243087408,PH-ZO-DELYKB-30492850,OPENED,2023-11-17T04:05:16.000+05:30,BAG,False,2023-11-17T04:05:16.000+05:30
561,Britania_DEL_PL,MotherHub_YKB,MotherHub_YKB,ZO,FMPC3226000683,PH-ZO-DELYKB-30277439,OPENED,2023-11-17T11:08:47.000+05:30,SORTATION,False,2023-11-17T11:08:47.000+05:30
567,RajnagarMP_DEL_PL,MotherHub_YKB,MotherHub_YKB,ZO,FMPP2011159991,PH-ZO-DELYKB-30460859,OPENED,2023-11-16T03:36:57.000+05:30,BAG,False,2023-11-16T03:36:57.000+05:30
572,Jhilmil_DEL_PL,MotherHub_YKB,MotherHub_YKB,ZO,FMPC3244020421,PH-ZO-DELYKB-30447671,OPENED,2023-11-17T07:34:43.000+05:30,BAG,False,2023-11-17T07:34:43.000+05:30
576,Phase3NoidaHub_DEL_PL,MotherHub_YKB,MotherHub_YKB,ZO,FMPC3240884968,PH-ZO-DELYKB-30480146,OPENED,2023-11-17T14:51:23.000+05:30,BAG,False,2023-11-17T14:51:23.000+05:30
578,MundkaHub_DEL_PL,MotherHub_YKB,MotherHub_YKB,ZO,FMPP2013188072,PH-ZO-DELYKB-30481529,OPENED,2023-11-17T04:24:40.000+05:30,BAG,False,2023-11-17T04:24:40.000+05:30
579,GandhinagarHub_DEL_PL,MotherHub_YKB,MotherHub_YKB,ZO,FMPP2012563153,PH-ZO-DELYKB-30463879,OPENED,2023-11-17T14:51:30.000+05:30,BAG,False,2023-11-17T14:51:30.000+05:30
580,NoidaHub_DEL_PL,MotherHub_YKB,MotherHub_YKB,ZO,FMPC3243533758,PH-ZO-DELYKB-30487392,OPENED,2023-11-17T03:34:00.000+05:30,BAG,False,2023-11-17T03:34:00.000+05:30
582,NoidaHub_DEL_PL,MotherHub_YKB,MotherHub_YKB,ZO,FMPC3243327072,PH-ZO-DELYKB-30493408,OPENED,2023-11-17T13:25:23.000+05:30,BAG,False,2023-11-17T13:25:23.000+05:30
583,NehruPlaceHub_DEL_PL,MotherHub_YKB,MotherHub_YKB,ZO,FMPP2010965795,PH-ZO-DELYKB-30460636,OPENED,2023-11-16T14:40:11.000+05:30,BAG,False,2023-11-16T14:40:11.000+05:30
585,Peeragarhi_DEL_PL,MotherHub_YKB,MotherHub_YKB,ZO,FMPP2011438377,PH-ZO-DELYKB-30471170,OPENED,2023-11-17T01:32:59.000+05:30,BAG,False,2023-11-17T01:32:59.000+05:30
586,RajnagarMP_DEL_PL,MotherHub_YKB,MotherHub_YKB,ZO,FMPP2011139355,PH-ZO-DELYKB-30460867,OPENED,2023-11-16T03:15:42.000+05:30,BAG,False,2023-11-16T03:15:42.000+05:30
589,ChanakyapuriHub_DEL_PL,MotherHub_YKB,MotherHub_YKB,ZO,FMPP2004287106,PH-ZO-DELYKB-30357851,OPENED,2023-11-16T05:37:48.000+05:30,BAG,False,2023-11-16T05:37:48.000+05:30
590,RajnagarMP_DEL_PL,MotherHub_YKB,MotherHub_YKB,ZO,FMPC3241407794,PH-ZO-DELYKB-30465120,OPENED,2023-11-16T12:14:05.000+05:30,BAG,False,2023-11-16T12:14:05.000+05:30
593,BurariHub_DEL_PL,MotherHub_YKB,MotherHub_YKB,ZO,FMPP2011748939,PH-ZO-DELYKB-30485642,OPENED,2023-11-17T15:44:19.000+05:30,BAG,False,2023-11-17T15:44:19.000+05:30
602,BurariHub_DEL_PL,MotherHub_YKB,MotherHub_YKB,ZO,FMPC3242208675,PH-ZO-DELYKB-30329855,OPENED,2023-11-16T15:03:12.000+05:30,BAG,False,2023-11-16T15:03:12.000+05:30
604,Phase3NoidaHub_DEL_PL,MotherHub_YKB,MotherHub_YKB,ZO,FMPP2004622195,PH-ZO-DELYKB-30319003,OPENED,2023-11-17T10:25:31.000+05:30,BAG,False,2023-11-17T10:25:31.000+05:30
609,Phase3NoidaHub_DEL_PL,MotherHub_YKB,MotherHub_YKB,ZO,FMPP2011744728,PH-ZO-DELYKB-30478097,OPENED,2023-11-17T12:44:56.000+05:30,BAG,False,2023-11-17T12:44:56.000+05:30
613,Ramaroadhub_DEL_PL,MotherHub_YKB,MotherHub_YKB,ZO,FMPC3240937299,PH-ZO-DELYKB-28185437,OPENED,2023-11-16T15:17:10.000+05:30,BAG,False,2023-11-16T15:17:10.000+05:30
614,FaridabadHub_DEL_PL,MotherHub_YKB,MotherHub_YKB,ZO,FMPC3240795929,PH-ZO-DELYKB-30468681,OPENED,2023-11-16T03:38:53.000+05:30,BAG,False,2023-11-16T03:38:53.000+05:30
618,BadshahpurHub_DEL_PL,MotherHub_YKB,MotherHub_YKB,ZO,FMPC3243963179,PH-ZO-DELYKB-30434242,OPENED,2023-11-17T09:42:24.000+05:30,BAG,False,2023-11-17T09:42:24.000+05:30
620,Britania_DEL_PL,MotherHub_YKB,MotherHub_YKB,ZO,FMPC3240195991,PH-ZO-DELYKB-30347009,OPENED,2023-11-16T11:15:43.000+05:30,BAG,False,2023-11-16T11:15:43.000+05:30
623,BadshahpurHub_DEL_PL,MotherHub_YKB,MotherHub_YKB,ZO,FMPC3239539509,PH-ZO-DELYKB-30419784,OPENED,2023-11-16T13:43:11.000+05:30,BAG,False,2023-11-16T13:43:11.000+05:30
627,Britania_DEL_PL,MotherHub_YKB,MotherHub_YKB,ZO,FMPC3226002691,PH-ZO-DELYKB-30277439,OPENED,2023-11-17T11:08:09.000+05:30,SORTATION,False,2023-11-17T11:08:09.000+05:30
628,GurgaonHub_DEL_PL,MotherHub_YKB,MotherHub_YKB,ZO,FMPC3241343133,PH-ZO-DELYKB-30465352,OPENED,2023-11-16T10:45:18.000+05:30,BAG,False,2023-11-16T10:45:18.000+05:30
631,ShalimarGardenHub_DEL_PL,MotherHub_YKB,MotherHub_YKB,ZO,FMPC3242994529,PH-ZO-DELYKB-30505319,OPENED,2023-11-17T15:35:47.000+05:30,BAG,False,2023-11-17T15:35:47.000+05:30
632,ModelTownHub_DEL_PL,MotherHub_YKB,MotherHub_YKB,ZO,FMPC3240161966,PH-ZO-DELYKB-30471109,OPENED,2023-11-16T10:52:56.000+05:30,BAG,False,2023-11-16T10:52:56.000+05:30
634,UttamNagarHub_DEL_PL,MotherHub_YKB,MotherHub_YKB,ZO,FMPC3240139803,PH-ZO-DELYKB-30456961,OPENED,2023-11-16T14:27:43.000+05:30,BAG,False,2023-11-16T14:27:43.000+05:30
639,Jhilmil_DEL_PL,MotherHub_YKB,MotherHub_YKB,ZO,FMPC3240035702,PH-ZO-DELYKB-30494978,OPENED,2023-11-17T15:50:31.000+05:30,BAG,False,2023-11-17T15:50:31.000+05:30
641,NoidaHub_DEL_PL,MotherHub_YKB,MotherHub_YKB,ZO,FMPC3239924002,PH-ZO-DELYKB-30455985,OPENED,2023-11-16T12:43:39.000+05:30,BAG,False,2023-11-16T12:43:39.000+05:30
643,Ramaroadhub_DEL_PL,MotherHub_YKB,MotherHub_YKB,ZO,FMPC3241813734,PH-ZO-DELYKB-30495068,OPENED,2023-11-17T16:11:15.000+05:30,BAG,False,2023-11-17T16:11:15.000+05:30
651,MundkaHub_DEL_PL,MotherHub_YKB,MotherHub_YKB,ZO,FMPC3240556831,PH-ZO-DELYKB-30461523,OPENED,2023-11-16T04:25:18.000+05:30,BAG,False,2023-11-16T04:25:18.000+05:30
655,ShalimarGardenHub_DEL_PL,MotherHub_YKB,MotherHub_YKB,ZO,FMPC3243734349,PH-ZO-DELYKB-30464316,OPENED,2023-11-17T14:41:20.000+05:30,BAG,False,2023-11-17T14:41:20.000+05:30
658,KarolbaghHub_DEL_PL,MotherHub_YKB,MotherHub_YKB,ZO,FMPP2011390583,PH-ZO-DELYKB-30446395,OPENED,2023-11-16T04:16:21.000+05:30,BAG,False,2023-11-16T04:16:21.000+05:30
663,ShalimarGardenHub_DEL_PL,MotherHub_YKB,MotherHub_YKB,ZO,FMPC3243022165,PH-ZO-DELYKB-30505319,OPENED,2023-11-17T15:35:47.000+05:30,BAG,False,2023-11-17T15:35:47.000+05:30
664,Jhilmil_DEL_PL,MotherHub_YKB,MotherHub_YKB,ZO,FMPP2007860635,PH-ZO-DELYKB-30393678,OPENED,2023-11-17T05:30:36.000+05:30,BAG,False,2023-11-17T05:30:36.000+05:30
667,ShalimarGardenHub_DEL_PL,MotherHub_YKB,MotherHub_YKB,ZO,FMPP2011101393,PH-ZO-DELYKB-30484239,OPENED,2023-11-17T12:43:34.000+05:30,BAG,False,2023-11-17T12:43:34.000+05:30
668,GurgaonMilestoneHub_DEL_PL,MotherHub_YKB,MotherHub_YKB,ZO,FMPP2011446291,PH-ZO-DELYKB-30409171,OPENED,2023-11-16T11:12:14.000+05:30,BAG,False,2023-11-16T11:12:14.000+05:30
677,Ramaroadhub_DEL_PL,MotherHub_YKB,MotherHub_YKB,ZO,FMPP2010408278,PH-ZO-DELYKB-30334363,OPENED,2023-11-17T14:12:11.000+05:30,BAG,False,2023-11-17T14:12:11.000+05:30
685,MundkaHub_DEL_PL,MotherHub_YKB,MotherHub_YKB,ZO,FMPP2012731913,PH-ZO-DELYKB-30339804,OPENED,2023-11-17T08:00:04.000+05:30,BAG,False,2023-11-17T08:00:04.000+05:30
686,RanibaghHub_DEL_PL,MotherHub_YKB,MotherHub_YKB,ZO,FMPC3240679392,PH-ZO-DELYKB-30448834,OPENED,2023-11-16T16:01:52.000+05:30,BAG,False,2023-11-16T16:01:52.000+05:30
687,NajafgarhHub_DEL_PL,MotherHub_YKB,MotherHub_YKB,ZO,FMPC3237941834,PH-ZO-DELYKB-30458873,OPENED,2023-11-17T15:00:33.000+05:30,BAG,False,2023-11-17T15:00:33.000+05:30
688,BijwasanHub_DEL_PL,MotherHub_YKB,MotherHub_YKB,ZO,FMPP2010226216,PH-ZO-DELYKB-30461721,OPENED,2023-11-16T10:06:23.000+05:30,BAG,False,2023-11-16T10:06:23.000+05:30
689,SahibabadHub_DEL_PL,MotherHub_YKB,MotherHub_YKB,ZO,FMPC3242068490,PH-ZO-DELYKB-30446612,OPENED,2023-11-16T05:06:47.000+05:30,BAG,False,2023-11-16T05:06:47.000+05:30
691,Pitampurahub_DEL_PL,MotherHub_YKB,MotherHub_YKB,ZO,FMPC3243772935,PH-ZO-DELYKB-30482469,OPENED,2023-11-17T16:11:18.000+05:30,BAG,False,2023-11-17T16:11:18.000+05:30
702,Motibaghhub_DEL_PL,MotherHub_YKB,MotherHub_YKB,ZO,FMPP2011227492,PH-ZO-DELYKB-30450089,OPENED,2023-11-16T13:02:26.000+05:30,BAG,False,2023-11-16T13:02:26.000+05:30
703,BudhViharHub_DEL_PL,MotherHub_YKB,MotherHub_YKB,ZO,FMPC3241527168,PH-ZO-DELYKB-30454519,OPENED,2023-11-16T13:08:18.000+05:30,BAG,False,2023-11-16T13:08:18.000+05:30
705,GandhinagarHub_DEL_PL,MotherHub_YKB,MotherHub_YKB,ZO,FMPP2012553033,PH-ZO-DELYKB-30408216,OPENED,2023-11-17T11:03:06.000+05:30,BAG,False,2023-11-17T11:03:06.000+05:30
707,Pitampurahub_DEL_PL,MotherHub_YKB,MotherHub_YKB,ZO,FMPC3241091401,PH-ZO-DELYKB-28323841,OPENED,2023-11-16T10:22:43.000+05:30,BAG,False,2023-11-16T10:22:43.000+05:30
709,KarolbaghHub_DEL_PL,MotherHub_YKB,MotherHub_YKB,ZO,FMPC3241584562,PH-ZO-DELYKB-30446395,OPENED,2023-11-16T04:16:21.000+05:30,BAG,False,2023-11-16T04:16:21.000+05:30
714,RajnagarMP_DEL_PL,MotherHub_YKB,MotherHub_YKB,ZO,FMPC3243214020,PH-ZO-DELYKB-30497102,OPENED,2023-11-17T14:35:18.000+05:30,BAG,False,2023-11-17T14:35:18.000+05:30
715,Jhilmil_DEL_PL,MotherHub_YKB,MotherHub_YKB,ZO,FMPC3241563679,PH-ZO-DELYKB-30448067,OPENED,2023-11-16T13:24:58.000+05:30,BAG,False,2023-11-16T13:24:58.000+05:30
719,GandhinagarHub_DEL_PL,MotherHub_YKB,MotherHub_YKB,ZO,FMPC3243581235,PH-ZO-DELYKB-30490127,OPENED,2023-11-17T12:16:45.000+05:30,BAG,False,2023-11-17T12:16:45.000+05:30
728,WelcomeHub_DEL_PL,MotherHub_YKB,MotherHub_YKB,ZO,FMPC3242247470,PH-ZO-DELYKB-30423079,OPENED,2023-11-16T14:57:17.000+05:30,BAG,False,2023-11-16T14:57:17.000+05:30
729,GandhinagarHub_DEL_PL,MotherHub_YKB,MotherHub_YKB,ZO,FMPC3243520449,PH-ZO-DELYKB-30461785,OPENED,2023-11-17T07:35:41.000+05:30,BAG,False,2023-11-17T07:35:41.000+05:30
730,NajafgarhHub_DEL_PL,MotherHub_YKB,MotherHub_YKB,ZO,FMPC3243890759,PH-ZO-DELYKB-30497059,OPENED,2023-11-17T00:25:23.000+05:30,BAG,False,2023-11-17T00:25:23.000+05:30
731,Britania_DEL_PL,MotherHub_YKB,MotherHub_YKB,ZO,FMPC3226006194,PH-ZO-DELYKB-30277439,OPENED,2023-11-17T11:08:53.000+05:30,SORTATION,False,2023-11-17T11:08:53.000+05:30
734,Phase3NoidaHub_DEL_PL,MotherHub_YKB,MotherHub_YKB,ZO,FMPC3243449837,PH-ZO-DELYKB-30478097,OPENED,2023-11-17T12:44:56.000+05:30,BAG,False,2023-11-17T12:44:56.000+05:30
736,GandhinagarHub_DEL_PL,MotherHub_YKB,MotherHub_YKB,ZO,FMPC3243820238,PH-ZO-DELYKB-30500168,REACHED,2023-11-17T05:56:50.000+05:30,BAG,False,2023-11-17T05:56:50.000+05:30
737,UttamNagarHub_DEL_PL,MotherHub_YKB,MotherHub_YKB,ZO,FMPC3244286115,PH-ZO-DELYKB-30296238,OPENED,2023-11-17T07:32:48.000+05:30,BAG,False,2023-11-17T07:32:48.000+05:30
739,ShahdaraHub_DEL_PL,MotherHub_YKB,MotherHub_YKB,ZO,FMPC3243564610,PH-ZO-DELYKB-30243655,OPENED,2023-11-17T10:09:36.000+05:30,BAG,False,2023-11-17T10:09:36.000+05:30
740,NoidaHub_DEL_PL,MotherHub_YKB,MotherHub_YKB,ZO,FMPC3243742006,PH-ZO-DELYKB-30465254,OPENED,2023-11-17T12:23:21.000+05:30,BAG,False,2023-11-17T12:23:21.000+05:30
742,RajnagarMP_DEL_PL,MotherHub_YKB,MotherHub_YKB,ZO,FMPC3244353526,PH-ZO-DELYKB-30498254,OPENED,2023-11-17T15:35:43.000+05:30,BAG,False,2023-11-17T15:35:43.000+05:30
745,Jhilmil_DEL_PL,MotherHub_YKB,MotherHub_YKB,ZO,FMPC3243528824,PH-ZO-DELYKB-30494978,OPENED,2023-11-17T15:50:31.000+05:30,BAG,False,2023-11-17T15:50:31.000+05:30
746,Britania_DEL_PL,MotherHub_YKB,MotherHub_YKB,ZO,FMPC3235850618,PH-ZO-DELYKB-30413433,OPENED,2023-11-16T14:13:22.000+05:30,BAG,False,2023-11-16T14:13:22.000+05:30
748,JasolaHub_DEL_PL,MotherHub_YKB,MotherHub_YKB,ZO,FMPP2010951860,PH-ZO-DELYKB-30180617,OPENED,2023-11-16T14:59:34.000+05:30,BAG,False,2023-11-16T14:59:34.000+05:30
749,PrahladPur_DEL_PL,MotherHub_YKB,MotherHub_YKB,ZO,FMPC3242554598,PH-ZO-DELYKB-30435440,OPENED,2023-11-17T15:34:36.000+05:30,BAG,False,2023-11-17T15:34:36.000+05:30
751,Jhilmil_DEL_PL,MotherHub_YKB,MotherHub_YKB,ZO,FMPP2009654884,PH-ZO-DELYKB-30497820,OPENED,2023-11-17T12:54:13.000+05:30,BAG,False,2023-11-17T12:54:13.000+05:30
754,Jhilmil_DEL_PL,MotherHub_YKB,MotherHub_YKB,ZO,FMPC3240607386,PH-ZO-DELYKB-30448086,OPENED,2023-11-16T13:10:02.000+05:30,BAG,False,2023-11-16T13:10:02.000+05:30
755,ShalimarGardenHub_DEL_PL,MotherHub_YKB,MotherHub_YKB,ZO,FMPP2012154220,PH-ZO-DELYKB-29523190,OPENED,2023-11-17T16:00:26.000+05:30,BAG,False,2023-11-17T16:00:26.000+05:30
757,NajafgarhHub_DEL_PL,MotherHub_YKB,MotherHub_YKB,ZO,FMPC3243006007,PH-ZO-DELYKB-30498434,OPENED,2023-11-17T09:08:34.000+05:30,BAG,False,2023-11-17T09:08:34.000+05:30
766,VasundharaHub_DEL_PL,MotherHub_YKB,MotherHub_YKB,ZO,FMPC3243357363,PH-ZO-DELYKB-30481904,OPENED,2023-11-17T16:07:28.000+05:30,BAG,False,2023-11-17T16:07:28.000+05:30
771,Britania_DEL_PL,MotherHub_YKB,MotherHub_YKB,ZO,FMPC3226006188,PH-ZO-DELYKB-30277439,OPENED,2023-11-17T11:07:49.000+05:30,SORTATION,False,2023-11-17T11:07:49.000+05:30
777,Motibaghhub_DEL_PL,MotherHub_YKB,MotherHub_YKB,ZO,FMPC3242309812,PH-ZO-DELYKB-30487659,OPENED,2023-11-17T08:37:57.000+05:30,BAG,False,2023-11-17T08:37:57.000+05:30
779,RajnagarMP_DEL_PL,MotherHub_YKB,MotherHub_YKB,ZO,FMPC3241194606,PH-ZO-DELYKB-30460859,OPENED,2023-11-16T03:36:57.000+05:30,BAG,False,2023-11-16T03:36:57.000+05:30
780,Phase3NoidaHub_DEL_PL,MotherHub_YKB,MotherHub_YKB,ZO,FMPC3241978045,PH-ZO-DELYKB-30478097,OPENED,2023-11-17T12:44:56.000+05:30,BAG,False,2023-11-17T12:44:56.000+05:30
784,KanjhawalaHub_DEL_PL,MotherHub_YKB,MotherHub_YKB,ZO,FMPP2012687339,PH-ZO-DELYKB-30485330,OPENED,2023-11-17T13:34:22.000+05:30,BAG,False,2023-11-17T13:34:22.000+05:30
792,SahibabadHub_DEL_PL,MotherHub_YKB,MotherHub_YKB,ZO,FMPC3238002474,PH-ZO-DELYKB-30346454,OPENED,2023-11-16T09:12:57.000+05:30,BAG,False,2023-11-16T09:12:57.000+05:30
793,Rohinihub_DEL_PL,MotherHub_YKB,MotherHub_YKB,ZO,FMPP2011350417,PH-ZO-DELYKB-30483992,OPENED,2023-11-17T16:20:33.000+05:30,BAG,False,2023-11-17T16:20:33.000+05:30
794,NehruPlaceHub_DEL_PL,MotherHub_YKB,MotherHub_YKB,ZO,FMPC3240197837,PH-ZO-DELYKB-30457644,OPENED,2023-11-16T14:23:50.000+05:30,BAG,False,2023-11-16T14:23:50.000+05:30
797,JasolaHub_DEL_PL,MotherHub_YKB,MotherHub_YKB,ZO,FMPP2012549116,PH-ZO-DELYKB-30500742,OPENED,2023-11-17T07:42:03.000+05:30,BAG,False,2023-11-17T07:42:03.000+05:30
799,PaharganjHub_DEL_PL,MotherHub_YKB,MotherHub_YKB,ZO,FMPC3243570075,PH-ZO-DELYKB-30392911,OPENED,2023-11-17T16:13:40.000+05:30,BAG,False,2023-11-17T16:13:40.000+05:30
800,GandhinagarHub_DEL_PL,MotherHub_YKB,MotherHub_YKB,ZO,FMPC3237353467,PH-ZO-DELYKB-30402813,OPENED,2023-11-15T13:20:14.000+05:30,BAG,False,2023-11-15T13:20:14.000+05:30
803,JasolaHub_DEL_PL,MotherHub_YKB,MotherHub_YKB,ZO,FMPC3241463269,PH-ZO-DELYKB-30464544,OPENED,2023-11-16T13:50:13.000+05:30,BAG,False,2023-11-16T13:50:13.000+05:30
806,BawanaHub_DEL_PL,MotherHub_YKB,MotherHub_YKB,ZO,FMPC3243032947,PH-ZO-DELYKB-30480313,OPENED,2023-11-17T05:13:28.000+05:30,BAG,False,2023-11-17T05:13:28.000+05:30
811,NehruPlaceHub_DEL_PL,MotherHub_YKB,MotherHub_YKB,ZO,FMPC3241464600,PH-ZO-DELYKB-30459055,OPENED,2023-11-16T07:35:10.000+05:30,BAG,False,2023-11-16T07:35:10.000+05:30
818,UttamNagarHub_DEL_PL,MotherHub_YKB,MotherHub_YKB,ZO,FMPC3238316148,PH-ZO-DELYKB-30425927,OPENED,2023-11-16T12:54:34.000+05:30,BAG,False,2023-11-16T12:54:34.000+05:30
822,UttamNagarHub_DEL_PL,MotherHub_YKB,MotherHub_YKB,ZO,FMPP2011791372,PH-ZO-DELYKB-30489005,OPENED,2023-11-17T12:57:37.000+05:30,BAG,False,2023-11-17T12:57:37.000+05:30
824,BurariHub_DEL_PL,MotherHub_YKB,MotherHub_YKB,ZO,FMPC3243954605,PH-ZO-DELYKB-30487139,OPENED,2023-11-17T16:05:07.000+05:30,BAG,False,2023-11-17T16:05:07.000+05:30
830,PaharganjHub_DEL_PL,MotherHub_YKB,MotherHub_YKB,ZO,FMPC3243967929,PH-ZO-DELYKB-30486931,OPENED,2023-11-17T07:38:26.000+05:30,BAG,False,2023-11-17T07:38:26.000+05:30
831,KarolbaghHub_DEL_PL,MotherHub_YKB,MotherHub_YKB,ZO,FMPP2007077680,PH-ZO-DELYKB-30484901,OPENED,2023-11-17T14:50:08.000+05:30,BAG,False,2023-11-17T14:50:08.000+05:30
832,WelcomeHub_DEL_PL,MotherHub_YKB,MotherHub_YKB,ZO,FMPC3241763491,PH-ZO-DELYKB-30320210,OPENED,2023-11-16T09:29:20.000+05:30,BAG,False,2023-11-16T09:29:20.000+05:30
836,PrahladPur_DEL_PL,MotherHub_YKB,MotherHub_YKB,ZO,FMPC3239013079,PH-ZO-DELYKB-30349344,OPENED,2023-11-16T08:29:41.000+05:30,BAG,False,2023-11-16T08:29:41.000+05:30
838,DasnaHub_DEL_PL,MotherHub_YKB,MotherHub_YKB,ZO,FMPC3239083227,PH-ZO-DELYKB-30458218,OPENED,2023-11-16T08:57:13.000+05:30,BAG,False,2023-11-16T08:57:13.000+05:30
844,Rohinihub_DEL_PL,MotherHub_YKB,MotherHub_YKB,ZO,FMPP2011512958,PH-ZO-DELYKB-30434220,OPENED,2023-11-16T09:34:26.000+05:30,BAG,False,2023-11-16T09:34:26.000+05:30
845,NoidaHub_DEL_PL,MotherHub_YKB,MotherHub_YKB,ZO,FMPC3244306475,PH-ZO-DELYKB-30493408,OPENED,2023-11-17T13:25:23.000+05:30,BAG,False,2023-11-17T13:25:23.000+05:30
846,PrahladPur_DEL_PL,MotherHub_YKB,MotherHub_YKB,ZO,FMPC3243408188,PH-ZO-DELYKB-30476864,OPENED,2023-11-17T19:48:24.000+05:30,BAG,False,2023-11-17T19:48:24.000+05:30
848,Britania_DEL_PL,MotherHub_YKB,MotherHub_YKB,ZO,FMPC3225998189,PH-ZO-DELYKB-30277439,OPENED,2023-11-17T11:07:08.000+05:30,SORTATION,False,2023-11-17T11:07:08.000+05:30
853,ShalimarGardenHub_DEL_PL,MotherHub_YKB,MotherHub_YKB,ZO,FMPC3243915485,PH-ZO-DELYKB-30464031,OPENED,2023-11-17T15:00:36.000+05:30,BAG,False,2023-11-17T15:00:36.000+05:30
854,Britania_DEL_PL,MotherHub_YKB,MotherHub_YKB,ZO,FMPC3226003185,PH-ZO-DELYKB-30277439,OPENED,2023-11-17T11:07:15.000+05:30,SORTATION,False,2023-11-17T11:07:15.000+05:30
855,NajafgarhHub_DEL_PL,MotherHub_YKB,MotherHub_YKB,ZO,FMPP2012809658,PH-ZO-DELYKB-30496259,OPENED,2023-11-17T14:31:58.000+05:30,BAG,False,2023-11-17T14:31:58.000+05:30
857,Britania_DEL_PL,MotherHub_YKB,MotherHub_YKB,ZO,FMPC3225998185,PH-ZO-DELYKB-30277439,OPENED,2023-11-17T11:07:24.000+05:30,SORTATION,False,2023-11-17T11:07:24.000+05:30
860,NajafgarhHub_DEL_PL,MotherHub_YKB,MotherHub_YKB,ZO,FMPC3244351538,PH-ZO-DELYKB-30499729,OPENED,2023-11-17T10:30:16.000+05:30,BAG,False,2023-11-17T10:30:16.000+05:30
863,Phase3NoidaHub_DEL_PL,MotherHub_YKB,MotherHub_YKB,ZO,FMPC3242606720,PH-ZO-DELYKB-30478097,OPENED,2023-11-17T12:44:56.000+05:30,BAG,False,2023-11-17T12:44:56.000+05:30
864,Ramaroadhub_DEL_PL,MotherHub_YKB,MotherHub_YKB,ZO,FMPC3240839180,PH-ZO-DELYKB-30468309,OPENED,2023-11-16T12:29:27.000+05:30,BAG,False,2023-11-16T12:29:27.000+05:30
866,MundkaHub_DEL_PL,MotherHub_YKB,MotherHub_YKB,ZO,FMPC3242433452,PH-ZO-DELYKB-30479433,OPENED,2023-11-17T05:13:39.000+05:30,BAG,False,2023-11-17T05:13:39.000+05:30
870,Britania_DEL_PL,MotherHub_YKB,MotherHub_YKB,ZO,FMPC3240266663,PH-ZO-DELYKB-30380347,OPENED,2023-11-16T14:46:42.000+05:30,BAG,False,2023-11-16T14:46:42.000+05:30
875,YamunaViharHub_DEL_PL,Motherhub_ABD_EXT_VMH,MotherHub_YKB,ZO,FMPC3244512905,PH-ZO-DELYKB-30494878,REACHED,2023-11-17T15:31:10.000+05:30,BAG,True,2023-11-17T15:31:10.000+05:30
880,Phase3NoidaHub_DEL_PL,MotherHub_YKB,MotherHub_YKB,ZO,FMPC3231407214,PH-ZO-DELYKB-30319003,OPENED,2023-11-17T10:25:31.000+05:30,BAG,False,2023-11-17T10:25:31.000+05:30
881,PrahladPur_DEL_PL,MotherHub_YKB,MotherHub_YKB,ZO,FMPP2013331899,PH-ZO-DELYKB-30404591,OPENED,2023-11-17T07:52:04.000+05:30,BAG,False,2023-11-17T07:52:04.000+05:30
885,UttamNagarHub_DEL_PL,MotherHub_YKB,MotherHub_YKB,ZO,FMPP2012829877,PH-ZO-DELYKB-30511214,OPENED,2023-11-17T10:28:05.000+05:30,BAG,False,2023-11-17T10:28:05.000+05:30
887,Britania_DEL_PL,MotherHub_YKB,MotherHub_YKB,ZO,FMPC3241698941,PH-ZO-DELYKB-30413846,OPENED,2023-11-16T14:55:51.000+05:30,BAG,False,2023-11-16T14:55:51.000+05:30
888,KarolbaghHub_DEL_PL,MotherHub_YKB,MotherHub_YKB,ZO,FMPC3240405294,PH-ZO-DELYKB-30186203,OPENED,2023-11-16T14:54:35.000+05:30,BAG,False,2023-11-16T14:54:35.000+05:30
889,Ramaroadhub_DEL_PL,MotherHub_YKB,MotherHub_YKB,ZO,FMPC3241500736,PH-ZO-DELYKB-29806116,OPENED,2023-11-17T14:25:29.000+05:30,BAG,False,2023-11-17T14:25:29.000+05:30
890,GandhinagarHub_DEL_PL,MotherHub_YKB,MotherHub_YKB,ZO,FMPC3239053004,PH-ZO-DELYKB-30492086,OPENED,2023-11-17T09:40:29.000+05:30,BAG,False,2023-11-17T09:40:29.000+05:30
892,YamunaViharHub_DEL_PL,MotherHub_YKB,MotherHub_YKB,ZO,NMBC1000270467,PH-ZO-DELYKB-30424074,OPENED,2023-11-15T10:46:12.000+05:30,BAG,False,2023-11-15T10:46:12.000+05:30
894,NajafgarhHub_DEL_PL,MotherHub_YKB,MotherHub_YKB,ZO,FMPP2012501803,PH-ZO-DELYKB-30498476,OPENED,2023-11-17T09:12:37.000+05:30,BAG,False,2023-11-17T09:12:37.000+05:30
898,Jhilmil_DEL_PL,MotherHub_YKB,MotherHub_YKB,ZO,FMPC3238527559,PH-ZO-DELYKB-30447804,OPENED,2023-11-16T09:42:59.000+05:30,BAG,False,2023-11-16T09:42:59.000+05:30
903,SangamviharHub_DEL_PL,MotherHub_YKB,MotherHub_YKB,ZO,FMPC3240622028,PH-ZO-DELYKB-30403350,OPENED,2023-11-16T13:13:08.000+05:30,BAG,False,2023-11-16T13:13:08.000+05:30
906,RanibaghHub_DEL_PL,MotherHub_YKB,MotherHub_YKB,ZO,FMPP2012208306,PH-ZO-DELYKB-30483507,OPENED,2023-11-17T12:18:23.000+05:30,BAG,False,2023-11-17T12:18:23.000+05:30
909,ModelTownHub_DEL_PL,MotherHub_YKB,MotherHub_YKB,ZO,FMPC3234151118,PH-ZO-DELYKB-30407472,OPENED,2023-11-16T13:10:42.000+05:30,BAG,False,2023-11-16T13:10:42.000+05:30
916,Phase3NoidaHub_DEL_PL,MotherHub_YKB,MotherHub_YKB,ZO,FMPP2011685200,PH-ZO-DELYKB-30478097,OPENED,2023-11-17T12:44:56.000+05:30,BAG,False,2023-11-17T12:44:56.000+05:30
917,UttamNagarHub_DEL_PL,MotherHub_YKB,MotherHub_YKB,ZO,FMPC3242389996,PH-ZO-DELYKB-30296236,OPENED,2023-11-17T16:10:27.000+05:30,BAG,False,2023-11-17T16:10:27.000+05:30
919,PrahladPur_DEL_PL,MotherHub_YKB,MotherHub_YKB,ZO,FMPC3242687324,PH-ZO-DELYKB-30458102,OPENED,2023-11-17T15:31:55.000+05:30,BAG,False,2023-11-17T15:31:55.000+05:30
920,Britania_DEL_PL,MotherHub_YKB,MotherHub_YKB,ZO,FMPC3226003180,PH-ZO-DELYKB-30277439,OPENED,2023-11-17T11:08:03.000+05:30,SORTATION,False,2023-11-17T11:08:03.000+05:30
927,BilaspurHub_DRH_PL,MotherHub_YKB,MotherHub_YKB,ZO,FMPP2006948599,PH-ZO-DELYKB-30229594,OPENED,2023-11-16T14:18:54.000+05:30,BAG,False,2023-11-16T14:18:54.000+05:30
931,Chhatarpur_DEL_PL,MotherHub_YKB,MotherHub_YKB,ZO,FMPP2012575614,PH-ZO-DELYKB-30486112,OPENED,2023-11-17T16:20:43.000+05:30,BAG,False,2023-11-17T16:20:43.000+05:30
933,GurgaonHub_DEL_PL,MotherHub_YKB,MotherHub_YKB,ZO,FMPC3243226022,PH-ZO-DELYKB-30434914,OPENED,2023-11-17T13:43:33.000+05:30,BAG,False,2023-11-17T13:43:33.000+05:30
942,NajafgarhHub_DEL_PL,MotherHub_YKB,MotherHub_YKB,ZO,FMPC3240411881,PH-ZO-DELYKB-30459521,OPENED,2023-11-16T14:25:26.000+05:30,BAG,False,2023-11-16T14:25:26.000+05:30
943,BadshahpurHub_DEL_PL,MotherHub_YKB,MotherHub_YKB,ZO,FMPP2006307614,PH-ZO-DELYKB-30170441,OPENED,2023-11-16T07:07:34.000+05:30,BAG,False,2023-11-16T07:07:34.000+05:30
944,IPextension_DEL_PL,MotherHub_YKB,MotherHub_YKB,ZO,FMPC3241211164,PH-ZO-DELYKB-30437996,OPENED,2023-11-16T10:37:34.000+05:30,BAG,False,2023-11-16T10:37:34.000+05:30
947,UttamNagarHub_DEL_PL,MotherHub_YKB,MotherHub_YKB,ZO,FMPC3242488059,PH-ZO-DELYKB-30456550,OPENED,2023-11-17T14:58:59.000+05:30,BAG,False,2023-11-17T14:58:59.000+05:30
948,NoidaHub_DEL_PL,MotherHub_YKB,MotherHub_YKB,ZO,FMPP2012862299,PH-ZO-DELYKB-30465254,OPENED,2023-11-17T12:23:21.000+05:30,BAG,False,2023-11-17T12:23:21.000+05:30
949,FaridabadHub_DEL_PL,MotherHub_YKB,MotherHub_YKB,ZO,FMPC3240804614,PH-ZO-DELYKB-30468681,OPENED,2023-11-16T03:38:53.000+05:30,BAG,False,2023-11-16T03:38:53.000+05:30
950,YamunaViharHub_DEL_PL,MotherHub_YKB,MotherHub_YKB,ZO,FMPP2010398908,PH-ZO-DELYKB-30504919,OPENED,2023-11-17T16:19:23.000+05:30,BAG,False,2023-11-17T16:19:23.000+05:30
963,PaharganjHub_DEL_PL,MotherHub_YKB,MotherHub_YKB,ZO,FMPP2013258015,PH-ZO-DELYKB-28447370,OPENED,2023-11-17T13:28:04.000+05:30,BAG,False,2023-11-17T13:28:04.000+05:30
964,Pitampurahub_DEL_PL,MotherHub_YKB,MotherHub_YKB,ZO,FMPC3241450263,PH-ZO-DELYKB-30432920,OPENED,2023-11-16T14:59:52.000+05:30,BAG,False,2023-11-16T14:59:52.000+05:30
966,Rohinihub_DEL_PL,MotherHub_YKB,MotherHub_YKB,ZO,FMPC3239916250,PH-ZO-DELYKB-30416363,OPENED,2023-11-16T13:25:35.000+05:30,BAG,False,2023-11-16T13:25:35.000+05:30
969,NoidaHub_DEL_PL,MotherHub_YKB,MotherHub_YKB,ZO,FMPC3243138247,PH-ZO-DELYKB-30491409,OPENED,2023-11-17T16:00:42.000+05:30,BAG,False,2023-11-17T16:00:42.000+05:30
975,Chhatarpur_DEL_PL,MotherHub_YKB,MotherHub_YKB,ZO,FMPP2013264052,PH-ZO-DELYKB-30480494,OPENED,2023-11-17T16:15:51.000+05:30,BAG,False,2023-11-17T16:15:51.000+05:30
978,MundkaHub_DEL_PL,MotherHub_YKB,MotherHub_YKB,ZO,FMPP2010728708,PH-ZO-DELYKB-30461512,OPENED,2023-11-16T13:35:41.000+05:30,BAG,False,2023-11-16T13:35:41.000+05:30
980,PaharganjHub_DEL_PL,MotherHub_YKB,MotherHub_YKB,ZO,FMPC3240207738,PH-ZO-DELYKB-30392567,OPENED,2023-11-16T07:42:46.000+05:30,BAG,False,2023-11-16T07:42:46.000+05:30
986,MundkaHub_DEL_PL,MotherHub_YKB,MotherHub_YKB,ZO,FMPC3240707386,PH-ZO-DELYKB-30445426,OPENED,2023-11-16T15:04:11.000+05:30,BAG,False,2023-11-16T15:04:11.000+05:30
988,GandhinagarHub_DEL_PL,MotherHub_YKB,MotherHub_YKB,ZO,FMPC3239017521,PH-ZO-DELYKB-30492101,OPENED,2023-11-17T09:49:57.000+05:30,BAG,False,2023-11-17T09:49:57.000+05:30
991,BadshahpurHub_DEL_PL,MotherHub_YKB,MotherHub_YKB,ZO,FMPC3244424912,PH-ZO-DELYKB-30249063,OPENED,2023-11-17T14:26:54.000+05:30,BAG,False,2023-11-17T14:26:54.000+05:30
993,VasundharaHub_DEL_PL,MotherHub_YKB,MotherHub_YKB,ZO,FMPC3244190009,PH-ZO-DELYKB-30284465,OPENED,2023-11-17T10:51:57.000+05:30,BAG,False,2023-11-17T10:51:57.000+05:30
995,Rohinihub_DEL_PL,MotherHub_YKB,MotherHub_YKB,ZO,FMPP2011376103,PH-ZO-DELYKB-30459741,OPENED,2023-11-16T16:01:34.000+05:30,BAG,False,2023-11-16T16:01:34.000+05:30
998,Motibaghhub_DEL_PL,MotherHub_YKB,MotherHub_YKB,ZO,FMPC3239121126,PH-ZO-DELYKB-30283073,OPENED,2023-11-15T15:00:59.000+05:30,BAG,False,2023-11-15T15:00:59.000+05:30
999,Chhatarpur_DEL_PL,MotherHub_YKB,MotherHub_YKB,ZO,FMPP2013281567,PH-ZO-DELYKB-30510442,REACHED,2023-11-17T11:06:28.000+05:30,BAG,False,2023-11-17T11:06:28.000+05:30
1003,Chhatarpur_DEL_PL,MotherHub_YKB,MotherHub_YKB,ZO,FMPP2012246461,PH-ZO-DELYKB-30459457,OPENED,2023-11-17T16:10:43.000+05:30,BAG,False,2023-11-17T16:10:43.000+05:30
1004,PrahladPur_DEL_PL,MotherHub_YKB,MotherHub_YKB,ZO,FMPP2010223881,PH-ZO-DELYKB-30404681,OPENED,2023-11-16T10:25:53.000+05:30,BAG,False,2023-11-16T10:25:53.000+05:30
1005,YamunaViharHub_DEL_PL,MotherHub_YKB,MotherHub_YKB,ZO,FMPC3244493574,PH-ZO-DELYKB-30504919,OPENED,2023-11-17T16:19:23.000+05:30,BAG,False,2023-11-17T16:19:23.000+05:30
1008,ModelTownHub_DEL_PL,MotherHub_YKB,MotherHub_YKB,ZO,FMPC3242741490,PH-ZO-DELYKB-30477762,OPENED,2023-11-17T16:00:49.000+05:30,BAG,False,2023-11-17T16:00:49.000+05:30
1009,RajnagarMP_DEL_PL,MotherHub_YKB,MotherHub_YKB,ZO,FMPP2011181037,PH-ZO-DELYKB-30460867,OPENED,2023-11-16T03:15:42.000+05:30,BAG,False,2023-11-16T03:15:42.000+05:30
1014,KanjhawalaHub_DEL_PL,MotherHub_YKB,MotherHub_YKB,ZO,FMPC3244230044,PH-ZO-DELYKB-30250577,OPENED,2023-11-17T16:04:57.000+05:30,BAG,False,2023-11-17T16:04:57.000+05:30
1015,BawanaHub_DEL_PL,MotherHub_YKB,MotherHub_YKB,ZO,FMPC3243761527,PH-ZO-DELYKB-30489006,OPENED,2023-11-17T15:31:18.000+05:30,BAG,False,2023-11-17T15:31:18.000+05:30
1017,NoidaHub_DEL_PL,MotherHub_YKB,MotherHub_YKB,ZO,FMPC3243324766,PH-ZO-DELYKB-30493408,OPENED,2023-11-17T13:25:23.000+05:30,BAG,False,2023-11-17T13:25:23.000+05:30
1023,MangolpuriHub_DEL_PL,MotherHub_YKB,MotherHub_YKB,ZO,FMPC3243626208,PH-ZO-DELYKB-30493518,OPENED,2023-11-17T13:21:29.000+05:30,BAG,False,2023-11-17T13:21:29.000+05:30
1024,Chhatarpur_DEL_PL,MotherHub_YKB,MotherHub_YKB,ZO,FMPC3243824624,PH-ZO-DELYKB-30483098,OPENED,2023-11-17T08:26:08.000+05:30,BAG,False,2023-11-17T08:26:08.000+05:30
1027,PaharganjHub_DEL_PL,MotherHub_YKB,MotherHub_YKB,ZO,FMPC3241311743,PH-ZO-DELYKB-30423934,OPENED,2023-11-17T15:54:01.000+05:30,BAG,False,2023-11-17T15:54:01.000+05:30
1029,AshokviharHub_DEL_PL,MotherHub_YKB,MotherHub_YKB,ZO,FMPC3240391473,PH-ZO-DELYKB-30370726,OPENED,2023-11-16T14:09:10.000+05:30,BAG,False,2023-11-16T14:09:10.000+05:30
1030,Rohinihub_DEL_PL,MotherHub_YKB,MotherHub_YKB,ZO,FMPP2001898164,PH-ZO-DELYKB-30294291,OPENED,2023-11-17T11:07:30.000+05:30,SORTATION,False,2023-11-17T11:07:30.000+05:30
1031,Phase3NoidaHub_DEL_PL,MotherHub_YKB,MotherHub_YKB,ZO,FMPC3240497408,PH-ZO-DELYKB-30423080,OPENED,2023-11-16T07:58:02.000+05:30,BAG,False,2023-11-16T07:58:02.000+05:30
1036,Motibaghhub_DEL_PL,MotherHub_YKB,MotherHub_YKB,ZO,FMPC3241730715,PH-ZO-DELYKB-30415469,OPENED,2023-11-16T15:51:20.000+05:30,BAG,False,2023-11-16T15:51:20.000+05:30
1038,NajafgarhHub_DEL_PL,MotherHub_YKB,MotherHub_YKB,ZO,FMPC3242378389,PH-ZO-DELYKB-30437315,OPENED,2023-11-17T01:37:48.000+05:30,BAG,False,2023-11-17T01:37:48.000+05:30
1039,ShalimarGardenHub_DEL_PL,MotherHub_YKB,MotherHub_YKB,ZO,FMPC3241034504,PH-ZO-DELYKB-30464028,OPENED,2023-11-16T15:05:02.000+05:30,BAG,False,2023-11-16T15:05:02.000+05:30
1050,ShalimarGardenHub_DEL_PL,MotherHub_YKB,MotherHub_YKB,ZO,FMPC3244339810,PH-ZO-DELYKB-30484132,OPENED,2023-11-17T15:33:34.000+05:30,BAG,False,2023-11-17T15:33:34.000+05:30
1054,Phase3NoidaHub_DEL_PL,MotherHub_YKB,MotherHub_YKB,ZO,FMPC3242834960,PH-ZO-DELYKB-30478097,OPENED,2023-11-17T12:44:56.000+05:30,BAG,False,2023-11-17T12:44:56.000+05:30
1056,IPextension_DEL_PL,MotherHub_YKB,MotherHub_YKB,ZO,FMPC3243156516,PH-ZO-DELYKB-30437993,OPENED,2023-11-17T15:34:50.000+05:30,BAG,False,2023-11-17T15:34:50.000+05:30
1068,IPextension_DEL_PL,MotherHub_YKB,MotherHub_YKB,ZO,FMPC3239501165,PH-ZO-DELYKB-30488632,OPENED,2023-11-17T09:53:22.000+05:30,BAG,False,2023-11-17T09:53:22.000+05:30
1078,ShalimarGardenHub_DEL_PL,MotherHub_YKB,MotherHub_YKB,ZO,FMPC3243311191,PH-ZO-DELYKB-29523190,OPENED,2023-11-17T16:00:26.000+05:30,BAG,False,2023-11-17T16:00:26.000+05:30
1079,NoidaHub_DEL_PL,MotherHub_YKB,MotherHub_YKB,ZO,FMPP2013223146,PH-ZO-DELYKB-30493407,OPENED,2023-11-17T19:50:35.000+05:30,BAG,False,2023-11-17T19:50:35.000+05:30
1080,RajnagarMP_DEL_PL,MotherHub_YKB,MotherHub_YKB,ZO,FMPP2011143491,PH-ZO-DELYKB-30460859,OPENED,2023-11-16T03:36:57.000+05:30,BAG,False,2023-11-16T03:36:57.000+05:30
1086,NajafgarhHub_DEL_PL,MotherHub_YKB,MotherHub_YKB,ZO,FMPC3237565536,PH-ZO-DELYKB-30437323,OPENED,2023-11-16T14:25:22.000+05:30,BAG,False,2023-11-16T14:25:22.000+05:30
1090,NajafgarhHub_DEL_PL,MotherHub_YKB,MotherHub_YKB,ZO,FMPP2008126413,PH-ZO-DELYKB-30434414,OPENED,2023-11-16T12:12:00.000+05:30,BAG,False,2023-11-16T12:12:00.000+05:30
1094,Britania_DEL_PL,MotherHub_YKB,MotherHub_YKB,ZO,FMPC3244252862,PH-ZO-DELYKB-30347167,OPENED,2023-11-17T08:47:13.000+05:30,BAG,False,2023-11-17T08:47:13.000+05:30
1096,Phase3NoidaHub_DEL_PL,MotherHub_YKB,MotherHub_YKB,ZO,FMPC3244339610,PH-ZO-DELYKB-30093789,OPENED,2023-11-17T19:46:58.000+05:30,BAG,False,2023-11-17T19:46:58.000+05:30
1101,PaharganjHub_DEL_PL,MotherHub_YKB,MotherHub_YKB,ZO,FMPC3242561220,PH-ZO-DELYKB-30489744,OPENED,2023-11-17T07:57:31.000+05:30,BAG,False,2023-11-17T07:57:31.000+05:30
1104,BijwasanHub_DEL_PL,MotherHub_YKB,MotherHub_YKB,ZO,FMPC3240851747,PH-ZO-DELYKB-29995024,OPENED,2023-11-16T16:34:24.000+05:30,BAG,False,2023-11-16T16:34:24.000+05:30
1105,NajafgarhHub_DEL_PL,MotherHub_YKB,MotherHub_YKB,ZO,FMPC3242737432,PH-ZO-DELYKB-30499738,OPENED,2023-11-17T01:41:37.000+05:30,BAG,False,2023-11-17T01:41:37.000+05:30
