"shipment_facility_current_name","shipment_facility_nexthop_name","shipment_service_tier","shipment_tms_cutoff","tracking_id_merchant","bag_id","tracking_id_ekart","bag_type_ph","bag_receive_time","fact_updated_at","bag_facility_source_name","shipment_facility_source_name","shipment_cpd"
"MotherHub_YKB","Motherhub_JKS","ECONOMY","23:00:00","B-74239975638641904","EDELDLX-1275239","FMPC3241326344","","2023-11-27T03:37:17.000+05:30","2023-11-27T03:37:27.000+05:30","FirozabadHub_FIR","Motherhub_JAI_BTS","2023-11-21T02:59:59.000+05:30"
"MotherHub_YKB","Motherhub_SAI_4","ECONOMY","21:00:00","S7930329057","Ebhi_vas-495426","FMPC3252051216","","2023-11-27T05:17:42.000+05:30","2023-11-27T05:17:48.000+05:30","Murthal_MUR","Motherhub_BTS","2023-11-24T02:59:00.000+05:30"
"MotherHub_YKB","MotherHub_STV","ECONOMY","21:00:00","D-4840007041295844","ESURSUR-663728750","FMPC3201360375","","2023-11-27T00:56:14.000+05:30","2023-11-27T00:56:24.000+05:30","RambaghODH_RAM","MotherHub_STV_BTS","2023-11-14T02:59:59.000+05:30"
"MotherHub_YKB","MotherHub_STV","REGULAR","21:00:00","R-564740847","ESURSUR-663728750","FMPR0511902813","","2023-11-27T00:56:14.000+05:30","2023-11-27T00:56:24.000+05:30","RambaghODH_RAM","RambaghODH_RAM","1970-01-01T05:30:00.000+05:30"
"MotherHub_YKB","Motherhub_DIC","ECONOMY","23:00:00","1580396305","EBLRBLR-666175169-1281","MYEP1007336526","","2023-11-26T23:27:02.000+05:30","2023-11-26T23:27:22.000+05:30","MotherHub_LKO","MotherHub_LKO","2023-12-01T08:30:00.000+05:30"
"MotherHub_YKB","Motherhub_DIC","ECONOMY","23:00:00","S8536892623","Emalur_b-813978","FMPC3254475426","","2023-11-27T05:18:07.000+05:30","2023-11-27T05:18:15.000+05:30","Murthal_MUR","Motherhub_MAL","2023-11-26T02:59:00.000+05:30"
"MotherHub_YKB","Motherhub_ABD","ECONOMY","23:00:00","F-25961834320698650","EDELDLX-1275239","FMPC3240897809","","2023-11-27T03:37:17.000+05:30","2023-11-27T03:37:27.000+05:30","FirozabadHub_FIR","Motherhub_ABD","2023-11-21T02:59:59.000+05:30"
"MotherHub_YKB","Motherhub_DIC","REGULAR","23:00:00","S8457985223","Emalur_b-804196","FMPC3193882518","","2023-11-25T14:18:15.000+05:30","2023-11-25T14:18:20.000+05:30","KwarsiHighwayHub_ALG","Motherhub_MAL","2023-11-05T02:59:00.000+05:30"
"MotherHub_YKB","MotherHub_STV","ECONOMY","21:00:00","E-70574046344154092","ESURSUR-663728750","FMPC3241062779","","2023-11-27T00:56:14.000+05:30","2023-11-27T00:56:24.000+05:30","RambaghODH_RAM","MotherHub_STV_BTS","2023-11-26T02:59:59.000+05:30"
"MotherHub_YKB","MotherHub_DEL","ECONOMY","12:30:00","113038963","EDELDLX-1275239","NAPC0010199846","","2023-11-27T03:37:17.000+05:30","2023-11-27T03:37:27.000+05:30","FirozabadHub_FIR","MotherHub_FRK","2023-12-02T14:00:25.000+05:30"
"MotherHub_YKB","Motherhub_DIC","ECONOMY","23:00:00","C-70129366791431445","EBLRBLR-666175169-1281","FMPC3263008487","","2023-11-26T23:27:02.000+05:30","2023-11-26T23:27:22.000+05:30","MotherHub_LKO","MotherHub_LKO","2023-12-01T02:59:59.000+05:30"
"MotherHub_YKB","MotherHub_STV","ECONOMY","21:00:00","A-7676823991129078","ESURSUR-663728750","FMPC3245862904","","2023-11-27T00:56:14.000+05:30","2023-11-27T00:56:24.000+05:30","RambaghODH_RAM","MotherHub_STV_BTS","2023-12-01T02:59:59.000+05:30"
"MotherHub_YKB","MotherHub_YKB_Flex","ECONOMY","11:00:00","C-73884861387018491","EDELYKBF-567631-1418","FMPP2007913782","","2023-11-18T00:33:46.000+05:30","2023-11-25T16:53:36.000+05:30","Motherhub_JKS","MotherHub_YKB_Flex","2023-11-25T02:59:59.000+05:30"
"MotherHub_YKB","Motherhub_DIC","REGULAR","23:00:00","R-566307413","Emalur_b-809065","FMPR0513425841","","2023-11-26T20:42:14.000+05:30","2023-11-26T20:42:21.000+05:30","SirsaHub_SRS","SirsaHub_SRS","1970-01-01T05:30:00.000+05:30"
"MotherHub_YKB","Motherhub_DIC","ECONOMY","23:00:00","B-27204047757324018","EBLRBLR-666175169-1281","FMPC3262196101","","2023-11-26T23:27:02.000+05:30","2023-11-26T23:27:22.000+05:30","MotherHub_LKO","MotherHub_LKO","2023-12-01T02:59:59.000+05:30"
"MotherHub_YKB","Motherhub_DIC","REGULAR","23:00:00","C-27166995101837358","EBLRBLR-666175169-1281","FMPC3263149373","","2023-11-26T23:27:02.000+05:30","2023-11-26T23:27:22.000+05:30","MotherHub_LKO","MotherHub_LKO","2023-12-01T02:59:59.000+05:30"
"MotherHub_YKB","Motherhub_DIC","ECONOMY","23:00:00","S8422821373","Emalur_b-804196","FMPC3172121309","","2023-11-25T14:18:15.000+05:30","2023-11-25T14:18:20.000+05:30","KwarsiHighwayHub_ALG","Motherhub_MAL","2023-10-28T02:59:00.000+05:30"
"MotherHub_YKB","Motherhub_DIC","ECONOMY","23:00:00","E-52366543078858318","EBLRBLR-666175169-1281","FMPC3264152185","","2023-11-26T23:27:02.000+05:30","2023-11-26T23:27:22.000+05:30","MotherHub_LKO","MotherHub_LKO","2023-12-01T02:59:59.000+05:30"
"MotherHub_YKB","MotherHub_STV","ECONOMY","21:00:00","H-8750003549801310","ESURSUR-663728750","FMPC3197967229","","2023-11-27T00:56:14.000+05:30","2023-11-27T00:56:24.000+05:30","RambaghODH_RAM","MotherHub_STV_BTS","2023-11-11T02:59:59.000+05:30"
"MotherHub_YKB","Motherhub_DIC","ECONOMY","23:00:00","C-55074920896945574","EBLRBLR-666175169-1281","FMPC3263040305","","2023-11-26T23:27:02.000+05:30","2023-11-26T23:27:22.000+05:30","MotherHub_LKO","MotherHub_LKO","2023-12-02T02:59:59.000+05:30"
"MotherHub_YKB","MotherHub_YKB_Flex","ECONOMY","11:00:00","D-72248234390492067","EDELYKBF-571631-1418","FMPP2009388182","","2023-11-18T00:33:56.000+05:30","2023-11-26T23:01:53.000+05:30","Motherhub_JKS","MotherHub_YKB_Flex","2023-11-22T02:59:59.000+05:30"
"MotherHub_YKB","Motherhub_DIC","REGULAR","23:00:00","R-566412730","Emalur_b-809065","FMPR0513513686","","2023-11-26T20:42:14.000+05:30","2023-11-26T20:42:21.000+05:30","SirsaHub_SRS","SirsaHub_SRS","1970-01-01T05:30:00.000+05:30"
"MotherHub_YKB","Motherhub_DIC","ECONOMY","23:00:00","A-37052507359875767","EBLRBLR-666175169-1281","FMPC3262215991","","2023-11-26T23:27:02.000+05:30","2023-11-26T23:27:22.000+05:30","MotherHub_LKO","MotherHub_LKO","2023-12-01T02:59:59.000+05:30"
"MotherHub_YKB","Motherhub_JKS","ECONOMY","23:00:00","B-73153128334694718","EDELDLX-1275239","FMPC3261445261","","2023-11-27T03:37:17.000+05:30","2023-11-27T03:37:27.000+05:30","FirozabadHub_FIR","Motherhub_JAI_BTS","2023-11-27T02:59:59.000+05:30"
"MotherHub_YKB","Motherhub_DIC","ECONOMY","23:00:00","1580394291","EBLRBLR-666175169-1281","MYEP1007336014","","2023-11-26T23:27:02.000+05:30","2023-11-26T23:27:22.000+05:30","MotherHub_LKO","MotherHub_LKO","2023-12-01T08:30:00.000+05:30"
"MotherHub_YKB","MotherHub_STV","ECONOMY","21:00:00","A-70398303929026795","ESURSUR-663728750","FMPC3235795458","","2023-11-27T00:56:14.000+05:30","2023-11-27T00:56:24.000+05:30","RambaghODH_RAM","MotherHub_STV_BTS","2023-11-29T02:59:59.000+05:30"
"MotherHub_YKB","MotherHub_STV","ECONOMY","21:00:00","C-12219989411379243","ESURSUR-663728750","FMPC3230356023","","2023-11-27T00:56:14.000+05:30","2023-11-27T00:56:24.000+05:30","RambaghODH_RAM","MotherHub_STV_BTS","2023-11-26T02:59:59.000+05:30"
"MotherHub_YKB","Motherhub_DIC","ECONOMY","23:00:00","D-6757079644640793","EBLRBLR-666175169-1281","FMPC3262089307","","2023-11-26T23:27:02.000+05:30","2023-11-26T23:27:22.000+05:30","MotherHub_LKO","MotherHub_LKO","2023-12-02T02:59:59.000+05:30"
"MotherHub_YKB","Motherhub_DIC","ECONOMY","23:00:00","H-6692840427219574","EBLRBLR-666175169-1281","FMPP2023921021","","2023-11-26T23:27:02.000+05:30","2023-11-26T23:27:22.000+05:30","MotherHub_LKO","MotherHub_LKO","2023-12-03T02:59:59.000+05:30"
"MotherHub_YKB","Motherhub_DIC","REGULAR","23:00:00","R-566643833","Emalur_b-809065","FMPR0513758454","","2023-11-26T20:42:14.000+05:30","2023-11-26T20:42:21.000+05:30","SirsaHub_SRS","SirsaHub_SRS","1970-01-01T05:30:00.000+05:30"
"MotherHub_YKB","Motherhub_DIC","REGULAR","23:00:00","R-567057137","Emalur_b-810256","FMPR0514165036","","2023-11-27T05:13:35.000+05:30","2023-11-27T05:13:42.000+05:30","SonepatHub_SOP","SonepatHub_SOP","1970-01-01T05:30:00.000+05:30"
"MotherHub_YKB","Motherhub_DIC","ECONOMY","23:00:00","SRTC7700346838","EBLRBLR-666175169-1281","SRTC7700346838","","2023-11-26T23:27:02.000+05:30","2023-11-26T23:27:22.000+05:30","MotherHub_LKO","MotherHub_LKO","2023-12-02T16:30:00.000+05:30"
"MotherHub_YKB","MotherHub_DEL","ECONOMY","12:30:00","D-58527033492958350","EDELDLX-1275239","FMPC3250955966","","2023-11-27T03:37:17.000+05:30","2023-11-27T03:37:27.000+05:30","FirozabadHub_FIR","Motherhub_JKS","2023-11-22T02:59:59.000+05:30"
"MotherHub_YKB","Motherhub_DIC","ECONOMY","23:00:00","1580394648","EBLRBLR-666175169-1281","MYEP1007336553","","2023-11-26T23:27:02.000+05:30","2023-11-26T23:27:22.000+05:30","MotherHub_LKO","MotherHub_LKO","2023-12-01T08:30:00.000+05:30"
"MotherHub_YKB","MotherHub_STV","ECONOMY","21:00:00","H-25306737563888469","ESURSUR-663728750","FMPC3202586456","","2023-11-27T00:56:14.000+05:30","2023-11-27T00:56:24.000+05:30","RambaghODH_RAM","MotherHub_STV_BTS","2023-11-14T02:59:59.000+05:30"
"MotherHub_YKB","Motherhub_JKS","REGULAR","23:00:00","E-74927843909229127","EDELDLX-1275239","FMPC3256260367","","2023-11-27T03:37:17.000+05:30","2023-11-27T03:37:27.000+05:30","FirozabadHub_FIR","Motherhub_JKS","2023-11-27T02:59:59.000+05:30"
"MotherHub_YKB","Motherhub_DIC","ECONOMY","23:00:00","G-13127498543815832","EDELDLX-1275239","FMPC3254972711","","2023-11-27T03:37:17.000+05:30","2023-11-27T03:37:27.000+05:30","FirozabadHub_FIR","MotherHub_HYP","2023-11-26T02:59:59.000+05:30"
"MotherHub_YKB","MotherHub_NAG_BTS","ECONOMY","00:00:00","D-31375718922365735","EDELDLX-1275239","FMPC3256551462","","2023-11-27T03:37:17.000+05:30","2023-11-27T03:37:27.000+05:30","FirozabadHub_FIR","MotherHub_NAG_BTS","2023-11-27T02:59:59.000+05:30"
"MotherHub_YKB","Motherhub_DIC","ECONOMY","23:00:00","S8483480313","Emalur_b-804196","FMPC3215600925","","2023-11-25T14:18:15.000+05:30","2023-11-25T14:18:20.000+05:30","KwarsiHighwayHub_ALG","Motherhub_MAL","2023-11-15T02:59:00.000+05:30"
"MotherHub_YKB","Motherhub_DIC","ECONOMY","23:00:00","S8537875523","Emalur_b-813978","FMPC3255189651","","2023-11-27T05:18:07.000+05:30","2023-11-27T05:18:15.000+05:30","Murthal_MUR","Motherhub_MAL","2023-11-26T02:59:00.000+05:30"
"MotherHub_YKB","Motherhub_ULB","ECONOMY","16:00:00","B-31364263548823472","EDELDLX-1275239","FMPC3253005524","","2023-11-27T03:37:17.000+05:30","2023-11-27T03:37:27.000+05:30","FirozabadHub_FIR","Motherhub_HRN","2023-11-27T02:59:59.000+05:30"
"MotherHub_YKB","Motherhub_DIC","ECONOMY","23:00:00","B-26714303472768744","EBLRBLR-666175169-1281","FMPC3263625685","","2023-11-26T23:27:02.000+05:30","2023-11-26T23:27:22.000+05:30","MotherHub_LKO","MotherHub_LKO","2023-12-01T02:59:59.000+05:30"
"MotherHub_YKB","MotherHub_NAG_BTS","ECONOMY","00:00:00","B-36550169293294500","EDELDLX-1275239","FMPC3252635898","","2023-11-27T03:37:17.000+05:30","2023-11-27T03:37:27.000+05:30","FirozabadHub_FIR","MotherHub_NAG_BTS","2023-11-26T02:59:59.000+05:30"
"MotherHub_YKB","MotherHub_YKB_Flex","ECONOMY","11:00:00","E-74085444768562006","EDELYKBF-567631-1418","FMPP2006268505","","2023-11-18T00:33:46.000+05:30","2023-11-25T06:27:11.000+05:30","Motherhub_JKS","MotherHub_YKB_Flex","2023-11-23T02:59:59.000+05:30"
"MotherHub_YKB","Motherhub_JKS","ECONOMY","23:00:00","B-64477843387485423","EDELDLX-1275239","FMPC3259022036","","2023-11-27T03:37:17.000+05:30","2023-11-27T03:37:27.000+05:30","FirozabadHub_FIR","Motherhub_JAI_BTS","2023-11-26T02:59:59.000+05:30"
"MotherHub_YKB","Motherhub_DIC","ECONOMY","23:00:00","C-68399110526690613","EBLRBLR-666175169-1281","FMPP2025207067","","2023-11-26T23:27:02.000+05:30","2023-11-26T23:27:22.000+05:30","MotherHub_LKO","MotherHub_LKO","2023-12-01T02:59:59.000+05:30"
"MotherHub_YKB","Motherhub_DIC","ECONOMY","23:00:00","S8542110183","Emalur_b-810256","FMPC3259547532","","2023-11-27T05:13:35.000+05:30","2023-11-27T05:13:42.000+05:30","SonepatHub_SOP","Motherhub_MAL","2023-11-28T02:59:00.000+05:30"
"MotherHub_YKB","Motherhub_SAI_4","ECONOMY","21:00:00","S8959491292","Ebhi_vas-495426","FMPC3235122175","","2023-11-27T05:17:42.000+05:30","2023-11-27T05:17:48.000+05:30","Murthal_MUR","Motherhub_SAI_4","2023-11-18T02:59:00.000+05:30"
"MotherHub_YKB","MotherHub_DEL","ECONOMY","12:30:00","E-36983762335712023","EDELDLX-1275239","FMPC3261690569","","2023-11-27T03:37:17.000+05:30","2023-11-27T03:37:27.000+05:30","FirozabadHub_FIR","Motherhub_JKS","2023-11-26T02:59:59.000+05:30"
"MotherHub_YKB","Motherhub_DIC","ECONOMY","23:00:00","1580751476","EBLRBLR-666175169-1281","MYEP1007354467","","2023-11-26T23:27:02.000+05:30","2023-11-26T23:27:22.000+05:30","MotherHub_LKO","MotherHub_LKO","2023-12-02T08:30:00.000+05:30"
"MotherHub_YKB","MotherHub_DEL","ECONOMY","12:30:00","H-69869248895564375","EDELDLX-1275239","FMPC3258495983","","2023-11-27T03:37:17.000+05:30","2023-11-27T03:37:27.000+05:30","FirozabadHub_FIR","Motherhub_JKS","2023-11-28T02:59:59.000+05:30"
"MotherHub_YKB","Motherhub_SAI_4","ECONOMY","21:00:00","S7932091847","Ebhi_vas-495426","FMPC3253665884","","2023-11-27T05:17:42.000+05:30","2023-11-27T05:17:48.000+05:30","Murthal_MUR","Motherhub_BTS","2023-11-24T02:59:00.000+05:30"
"MotherHub_YKB","MotherHub_DEL","ECONOMY","12:30:00","B-54800973234383887","EDELDLX-1275239","FMPC3254964557","","2023-11-27T03:37:17.000+05:30","2023-11-27T03:37:27.000+05:30","FirozabadHub_FIR","Motherhub_JKS","2023-11-24T02:59:59.000+05:30"
"MotherHub_YKB","Motherhub_DIC","ECONOMY","23:00:00","E-36887502213262061","EDELDLX-1275239","FMPC3257366491","","2023-11-27T03:37:17.000+05:30","2023-11-27T03:37:27.000+05:30","FirozabadHub_FIR","MotherHub_BLR","2023-11-28T02:59:59.000+05:30"
"MotherHub_YKB","MotherHub_NAG_BTS","ECONOMY","00:00:00","A-8190211685380908","EDELDLX-1275239","FMPC3257069021","","2023-11-27T03:37:17.000+05:30","2023-11-27T03:37:27.000+05:30","FirozabadHub_FIR","MotherHub_NAG_BTS","2023-11-28T02:59:59.000+05:30"
"MotherHub_YKB","Motherhub_JKS","ECONOMY","23:00:00","G-64300399226027662","EDELDLX-1275239","FMPC3249663446","","2023-11-27T03:37:17.000+05:30","2023-11-27T03:37:27.000+05:30","FirozabadHub_FIR","Motherhub_JKS","2023-11-24T02:59:59.000+05:30"
"MotherHub_YKB","Motherhub_DIC","REGULAR","23:00:00","R-564888363","Emalur_b-810256","FMPR0512022614","","2023-11-27T05:13:35.000+05:30","2023-11-27T05:13:42.000+05:30","SonepatHub_SOP","SonepatHub_SOP","1970-01-01T05:30:00.000+05:30"
"MotherHub_YKB","Motherhub_ABD","ECONOMY","23:00:00","B-70712769453420257","EDELDLX-1275239","FMPC3257207388","","2023-11-27T03:37:17.000+05:30","2023-11-27T03:37:27.000+05:30","FirozabadHub_FIR","Motherhub_ABD","2023-11-29T02:59:59.000+05:30"
"MotherHub_YKB","Motherhub_DIC","REGULAR","23:00:00","R-566032189","Emalur_b-810256","FMPR0513119163","","2023-11-27T05:13:35.000+05:30","2023-11-27T05:13:42.000+05:30","SonepatHub_SOP","SonepatHub_SOP","1970-01-01T05:30:00.000+05:30"
"MotherHub_YKB","Motherhub_DIC","ECONOMY","23:00:00","S8500062213","Emalur_b-809065","FMPC3228485644","","2023-11-26T20:42:14.000+05:30","2023-11-26T20:42:21.000+05:30","SirsaHub_SRS","Motherhub_MAL","2023-11-17T02:59:00.000+05:30"
"MotherHub_YKB","MotherHub_DEL","ECONOMY","12:30:00","C-70123403777115357","EDELDLX-1275239","FMPC3261111249","","2023-11-27T03:37:17.000+05:30","2023-11-27T03:37:27.000+05:30","FirozabadHub_FIR","Motherhub_JKS","2023-11-26T02:59:59.000+05:30"
"MotherHub_YKB","MotherHub_STV","ECONOMY","21:00:00","E-25487316458110932","ESURSUR-663728750","FMPC3233649784","","2023-11-27T00:56:14.000+05:30","2023-11-27T00:56:24.000+05:30","RambaghODH_RAM","MotherHub_STV_BTS","2023-11-26T02:59:59.000+05:30"
"MotherHub_YKB","Motherhub_SAI_4","ECONOMY","21:00:00","G-69909618591208450","EDELDLX-1275239","FMPC3255251593","","2023-11-27T03:37:17.000+05:30","2023-11-27T03:37:27.000+05:30","FirozabadHub_FIR","Motherhub_SAI_4","2023-11-26T02:59:59.000+05:30"
"MotherHub_YKB","MotherHub_STV","ECONOMY","21:00:00","C-35563928294528461","ESURSUR-663728750","FMPC3218262216","","2023-11-27T00:56:14.000+05:30","2023-11-27T00:56:24.000+05:30","RambaghODH_RAM","MotherHub_STV_BTS","2023-11-24T02:59:59.000+05:30"
"MotherHub_YKB","Motherhub_SAI_4","ECONOMY","21:00:00","B-54785930848672846","EDELDLX-1275239","FMPC3256591882","","2023-11-27T03:37:17.000+05:30","2023-11-27T03:37:27.000+05:30","FirozabadHub_FIR","Motherhub_SAI_4","2023-11-26T02:59:59.000+05:30"
"MotherHub_YKB","MotherHub_STV","ECONOMY","21:00:00","B-74074334200774038","ESURSUR-663728750","FMPC3229991630","","2023-11-27T00:56:14.000+05:30","2023-11-27T00:56:24.000+05:30","RambaghODH_RAM","MotherHub_STV_BTS","2023-11-26T02:59:59.000+05:30"
"MotherHub_YKB","Motherhub_DIC","ECONOMY","23:00:00","G-70162234915990517","EBLRBLR-666175169-1281","FMPC3263926566","","2023-11-26T23:27:02.000+05:30","2023-11-26T23:27:22.000+05:30","MotherHub_LKO","MotherHub_LKO","2023-12-01T02:59:59.000+05:30"
"MotherHub_YKB","MotherHub_DEL","ECONOMY","12:30:00","G-54781648561635444","EDELDLX-1275239","FMPP2020219900","","2023-11-27T03:37:17.000+05:30","2023-11-27T03:37:27.000+05:30","FirozabadHub_FIR","Motherhub_JKS","2023-11-24T02:59:59.000+05:30"
"MotherHub_YKB","MotherHub_DEL","ECONOMY","12:30:00","F-6764447866841848","EDELDLX-1275239","FMPP2024074911","","2023-11-27T03:37:17.000+05:30","2023-11-27T03:37:27.000+05:30","FirozabadHub_FIR","Motherhub_JKS","2023-11-27T02:59:59.000+05:30"
"MotherHub_YKB","Motherhub_SAI_4","ECONOMY","21:00:00","S7931131187","Ebhi_vas-495426","FMPC3252551663","","2023-11-27T05:17:42.000+05:30","2023-11-27T05:17:48.000+05:30","Murthal_MUR","Motherhub_BTS","2023-11-24T02:59:00.000+05:30"
"MotherHub_YKB","MotherHub_STV","ECONOMY","21:00:00","B-26010222805984893","ESURSUR-663728750","FMPC3230193164","","2023-11-27T00:56:14.000+05:30","2023-11-27T00:56:24.000+05:30","RambaghODH_RAM","MotherHub_STV_BTS","2023-11-26T02:59:59.000+05:30"
"MotherHub_YKB","MotherHub_DEL","ECONOMY","12:30:00","G-29862332128762349","EDELDLX-1275239","FMPC3256044974","","2023-11-27T03:37:17.000+05:30","2023-11-27T03:37:27.000+05:30","FirozabadHub_FIR","Motherhub_JKS","2023-11-26T02:59:59.000+05:30"
"MotherHub_YKB","Motherhub_JKS","ECONOMY","23:00:00","F-30140430812191094","EDELDLX-1275239","FMPC3262809155","","2023-11-27T03:37:17.000+05:30","2023-11-27T03:37:27.000+05:30","FirozabadHub_FIR","Motherhub_JAI_BTS","2023-11-30T02:59:59.000+05:30"
"MotherHub_YKB","Motherhub_SAI_4","REGULAR","21:00:00","R-566324225","Ebhi_vas-490642","FMPR0513417857","","2023-11-25T09:41:30.000+05:30","2023-11-25T09:41:37.000+05:30","SonepatHub_SOP","SonepatHub_SOP","1970-01-01T05:30:00.000+05:30"
"MotherHub_YKB","Motherhub_JKS","ECONOMY","23:00:00","H-36984559118223663","EDELDLX-1275239","FMPC3261742602","","2023-11-27T03:37:17.000+05:30","2023-11-27T03:37:27.000+05:30","FirozabadHub_FIR","Motherhub_JAI_BTS","2023-11-27T02:59:59.000+05:30"
"MotherHub_YKB","Motherhub_DIC","REGULAR","23:00:00","R-565583424","Emalur_b-804196","FMPR0512680978","","2023-11-25T14:18:15.000+05:30","2023-11-25T14:18:20.000+05:30","KwarsiHighwayHub_ALG","KwarsiHighwayHub_ALG","1970-01-01T05:30:00.000+05:30"
"MotherHub_YKB","Motherhub_DIC","ECONOMY","23:00:00","1579686881","EBLRBLR-666175169-1281","MYEC1004287891","","2023-11-26T23:27:02.000+05:30","2023-11-26T23:27:22.000+05:30","MotherHub_LKO","MotherHub_LKO","2023-12-01T08:30:00.000+05:30"
"MotherHub_YKB","Motherhub_JKS","ECONOMY","23:00:00","G-26451526848276725","EDELDLX-1275239","FMPC3256140566","","2023-11-27T03:37:17.000+05:30","2023-11-27T03:37:27.000+05:30","FirozabadHub_FIR","Motherhub_JKS","2023-11-26T02:59:59.000+05:30"
"MotherHub_YKB","Motherhub_DIC","ECONOMY","23:00:00","A-29795836474361932","EDELDLX-1275239","FMPC3252767426","","2023-11-27T03:37:17.000+05:30","2023-11-27T03:37:27.000+05:30","FirozabadHub_FIR","MotherHub_BLR","2023-11-26T02:59:59.000+05:30"
"MotherHub_YKB","Motherhub_SAI_4","REGULAR","21:00:00","R-565271584","Ebhi_vas-495426","FMPR0512396357","","2023-11-27T05:17:42.000+05:30","2023-11-27T05:17:48.000+05:30","Murthal_MUR","Murthal_MUR","1970-01-01T05:30:00.000+05:30"
"MotherHub_YKB","Motherhub_DIC","ECONOMY","23:00:00","H-31708112446197574","EBLRBLR-666175169-1281","FMPP2024133367","","2023-11-26T23:27:02.000+05:30","2023-11-26T23:27:22.000+05:30","MotherHub_LKO","MotherHub_LKO","2023-12-01T02:59:59.000+05:30"
"MotherHub_YKB","Motherhub_DIC","ECONOMY","23:00:00","B-13430013599790559","EBLRBLR-666175169-1281","FMPC3263581188","","2023-11-26T23:27:02.000+05:30","2023-11-26T23:27:22.000+05:30","MotherHub_LKO","MotherHub_LKO","2023-12-01T02:59:59.000+05:30"
"MotherHub_YKB","Motherhub_DIC","REGULAR","23:00:00","B-27196010658130333","EBLRBLR-666175169-1281","FMPC3263564078","","2023-11-26T23:27:02.000+05:30","2023-11-26T23:27:22.000+05:30","MotherHub_LKO","MotherHub_LKO","2023-12-01T02:59:59.000+05:30"
"MotherHub_YKB","MotherHub_STV","ECONOMY","21:00:00","G-7743520922125565","ESURSUR-663728750","FMPC3240913462","","2023-11-27T00:56:14.000+05:30","2023-11-27T00:56:24.000+05:30","RambaghODH_RAM","MotherHub_STV_BTS","2023-11-26T02:59:59.000+05:30"
"MotherHub_YKB","Motherhub_SAI_4","ECONOMY","21:00:00","S7935647927","Ebhi_vas-487035","FMPC3257076335","","2023-11-27T04:29:38.000+05:30","2023-11-27T04:29:41.000+05:30","SirsaganjHub_SRS","Motherhub_BTS","2023-11-27T02:59:00.000+05:30"
"MotherHub_YKB","Motherhub_JKS","ECONOMY","23:00:00","G-27276675004325830","EDELDLX-1275239","FMPC3264187913","","2023-11-27T03:37:17.000+05:30","2023-11-27T03:37:27.000+05:30","FirozabadHub_FIR","Motherhub_JAI_BTS","2023-11-30T02:59:59.000+05:30"
"MotherHub_YKB","Motherhub_DIC","ECONOMY","23:00:00","S8517339003","Emalur_b-804196","FMPC3238335984","","2023-11-25T14:18:15.000+05:30","2023-11-25T14:18:20.000+05:30","KwarsiHighwayHub_ALG","Motherhub_MAL","2023-11-19T02:59:00.000+05:30"
"MotherHub_YKB","Motherhub_DIC","REGULAR","23:00:00","R-563509398","Emalur_b-809065","FMPR0510657036","","2023-11-26T20:42:14.000+05:30","2023-11-26T20:42:21.000+05:30","SirsaHub_SRS","SirsaHub_SRS","1970-01-01T05:30:00.000+05:30"
"MotherHub_YKB","Motherhub_DIC","ECONOMY","23:00:00","B-6258924080638050","EDELDLX-1275239","FMPC3248202382","","2023-11-27T03:37:17.000+05:30","2023-11-27T03:37:27.000+05:30","FirozabadHub_FIR","MotherHub_CJB","2023-11-26T02:59:59.000+05:30"
"MotherHub_YKB","Motherhub_DIC","ECONOMY","23:00:00","B-13424726255418242","EBLRBLR-666175169-1281","FMPC3263510095","","2023-11-26T23:27:02.000+05:30","2023-11-26T23:27:22.000+05:30","MotherHub_LKO","MotherHub_LKO","2023-12-01T02:59:59.000+05:30"
"MotherHub_YKB","MotherHub_DEL","ECONOMY","12:30:00","D-47650928851016716","EDELDLX-1275239","FMPC3259761345","","2023-11-27T03:37:17.000+05:30","2023-11-27T03:37:27.000+05:30","FirozabadHub_FIR","Motherhub_JKS","2023-11-26T02:59:59.000+05:30"
"MotherHub_YKB","Motherhub_DIC","REGULAR","23:00:00","E-73203322852848816","EBLRBLR-666175169-1281","FMPP2024482427","","2023-11-26T23:27:02.000+05:30","2023-11-26T23:27:22.000+05:30","MotherHub_LKO","MotherHub_LKO","2023-12-01T02:59:59.000+05:30"
"MotherHub_YKB","Motherhub_ULB","ECONOMY","16:00:00","A-74816609070504825","EDELDLX-1275239","FMPC3252594065","","2023-11-27T03:37:17.000+05:30","2023-11-27T03:37:27.000+05:30","FirozabadHub_FIR","Motherhub_HRN","2023-11-27T02:59:59.000+05:30"
"MotherHub_YKB","MotherHub_DEL","ECONOMY","12:30:00","E-81567292671833742","EDELDLX-1275239","FMPC3261201584","","2023-11-27T03:37:17.000+05:30","2023-11-27T03:37:27.000+05:30","FirozabadHub_FIR","Motherhub_JKS","2023-11-26T02:59:59.000+05:30"
"MotherHub_YKB","MotherHub_NAG_BTS","ECONOMY","00:00:00","G-16630367992356386","EDELDLX-1275239","FMPP2017697922","","2023-11-27T03:37:17.000+05:30","2023-11-27T03:37:27.000+05:30","FirozabadHub_FIR","MotherHub_NAG_BTS","2023-11-25T02:59:59.000+05:30"
"MotherHub_YKB","Motherhub_JKS","ECONOMY","23:00:00","G-81543808120190413","EDELDLX-1275239","FMPC3259350781","","2023-11-27T03:37:17.000+05:30","2023-11-27T03:37:27.000+05:30","FirozabadHub_FIR","Motherhub_JAI_BTS","2023-11-26T02:59:59.000+05:30"
"MotherHub_YKB","Motherhub_JKS","ECONOMY","23:00:00","G-31480923635854174","EDELDLX-1275239","FMPC3257369758","","2023-11-27T03:37:17.000+05:30","2023-11-27T03:37:27.000+05:30","FirozabadHub_FIR","Motherhub_JAI_BTS","2023-11-27T02:59:59.000+05:30"
"MotherHub_YKB","MotherHub_STV","REGULAR","21:00:00","R-563322233","ESURSUR-663728750","FMPR0510460626","","2023-11-27T00:56:14.000+05:30","2023-11-27T00:56:24.000+05:30","RambaghODH_RAM","RambaghODH_RAM","1970-01-01T05:30:00.000+05:30"
"MotherHub_YKB","MotherHub_YKB_Flex","ECONOMY","11:00:00","D-46565327070159481","EDELYKBF-572629-1418","FMPP2001765948","","2023-11-11T05:14:21.000+05:30","2023-11-24T21:25:14.000+05:30","Motherhub_JKS","MotherHub_YKB_Flex","2023-11-17T02:59:59.000+05:30"
"MotherHub_YKB","Motherhub_DIC","ECONOMY","23:00:00","C-58926190957826263","EBLRBLR-666175169-1281","FMPC3262189279","","2023-11-26T23:27:02.000+05:30","2023-11-26T23:27:22.000+05:30","MotherHub_LKO","MotherHub_LKO","2023-12-02T02:59:59.000+05:30"
"MotherHub_YKB","Motherhub_DIC","REGULAR","23:00:00","R-566439134","Emalur_b-809065","FMPR0513593138","","2023-11-26T20:42:14.000+05:30","2023-11-26T20:42:21.000+05:30","SirsaHub_SRS","SirsaHub_SRS","1970-01-01T05:30:00.000+05:30"
"MotherHub_YKB","Motherhub_DIC","REGULAR","23:00:00","G-9936463453688104","EBLRBLR-666175169-1281","FMPC3263925460","","2023-11-26T23:27:02.000+05:30","2023-11-26T23:27:22.000+05:30","MotherHub_LKO","MotherHub_LKO","2023-12-01T02:59:59.000+05:30"
"MotherHub_YKB","MotherHub_STV","ECONOMY","21:00:00","H-25027700287205664","ESURSUR-663728750","FMPC3220080418","","2023-11-27T00:56:14.000+05:30","2023-11-27T00:56:24.000+05:30","RambaghODH_RAM","MotherHub_STV_BTS","2023-11-22T02:59:59.000+05:30"
"MotherHub_YKB","Motherhub_DIC","REGULAR","23:00:00","R-566434214","Emalur_b-804196","FMPR0513577282","","2023-11-25T14:18:15.000+05:30","2023-11-25T14:18:20.000+05:30","KwarsiHighwayHub_ALG","AligarhHub_ALG","1970-01-01T05:30:00.000+05:30"
"MotherHub_YKB","Motherhub_JKS","ECONOMY","23:00:00","1575810744","EDELDLX-1275239","MYSP1041309248","","2023-11-27T03:37:17.000+05:30","2023-11-27T03:37:27.000+05:30","FirozabadHub_FIR","MyntraMH_BNL","2023-11-22T20:30:00.000+05:30"
"MotherHub_YKB","Motherhub_SAI_4","REGULAR","21:00:00","R-565247838","Ebhi_vas-490642","FMPR0512401775","","2023-11-25T09:41:30.000+05:30","2023-11-25T09:41:37.000+05:30","SonepatHub_SOP","SonepatHub_SOP","1970-01-01T05:30:00.000+05:30"
"MotherHub_YKB","Motherhub_SAI_4","REGULAR","21:00:00","R-566766345","Ebhi_vas-495426","FMPR0513883132","","2023-11-27T05:17:42.000+05:30","2023-11-27T05:17:48.000+05:30","Murthal_MUR","Murthal_MUR","1970-01-01T05:30:00.000+05:30"
"MotherHub_YKB","Motherhub_DIC","ECONOMY","23:00:00","S7742915946","Emalur_b-813978","FMPC3235027653","","2023-11-27T05:18:07.000+05:30","2023-11-27T05:18:15.000+05:30","Murthal_MUR","Motherhub_ANJ","2023-11-19T02:59:00.000+05:30"
"MotherHub_YKB","Motherhub_DIC","ECONOMY","23:00:00","H-70093315839045878","EBLRBLR-666175169-1281","FMPC3261069797","","2023-11-26T23:27:02.000+05:30","2023-11-26T23:27:22.000+05:30","MotherHub_LKO","MotherHub_LKO","2023-12-02T02:59:59.000+05:30"
"MotherHub_YKB","Motherhub_SAI_4","ECONOMY","21:00:00","S7885761227","Ebhi_vas-495426","FMPC3222557485","","2023-11-27T05:17:42.000+05:30","2023-11-27T05:17:48.000+05:30","Murthal_MUR","Motherhub_BTS","2023-11-14T02:59:00.000+05:30"
"MotherHub_YKB","MotherHub_NAG_BTS","ECONOMY","00:00:00","A-6033190437438512","EDELDLX-1275239","FMPC3249671307","","2023-11-27T03:37:17.000+05:30","2023-11-27T03:37:27.000+05:30","FirozabadHub_FIR","MotherHub_NAG_BTS","2023-11-26T02:59:59.000+05:30"
"MotherHub_YKB","Motherhub_SAI_4","REGULAR","21:00:00","S7925570897","Ebhi_vas-495426","FMPC3248025616","","2023-11-27T05:17:42.000+05:30","2023-11-27T05:17:48.000+05:30","Murthal_MUR","Motherhub_BTS","2023-11-23T02:59:00.000+05:30"
"MotherHub_YKB","Motherhub_DIC","REGULAR","23:00:00","R-566796574","Emalur_b-809065","FMPR0513943271","","2023-11-26T20:42:14.000+05:30","2023-11-26T20:42:21.000+05:30","SirsaHub_SRS","SirsaHub_SRS","1970-01-01T05:30:00.000+05:30"
"MotherHub_YKB","MotherHub_STV","ECONOMY","21:00:00","SXPC0000072066","ESURSUR-663728750","SXPC0000072066","","2023-11-27T00:56:14.000+05:30","2023-11-27T00:56:24.000+05:30","RambaghODH_RAM","MotherHub_STX","2023-11-12T17:58:20.000+05:30"
"MotherHub_YKB","Motherhub_SAI_4","ECONOMY","21:00:00","S7932881137","Ebhi_vas-487035","FMPC3254627597","","2023-11-27T04:29:38.000+05:30","2023-11-27T04:29:41.000+05:30","SirsaganjHub_SRS","Motherhub_BTS","2023-11-25T02:59:00.000+05:30"
"MotherHub_YKB","Motherhub_DIC","ECONOMY","23:00:00","E-58924566916855633","EBLRBLR-666175169-1281","FMPP2024481832","","2023-11-26T23:27:02.000+05:30","2023-11-26T23:27:22.000+05:30","MotherHub_LKO","MotherHub_LKO","2023-12-01T02:59:59.000+05:30"
"MotherHub_YKB","Motherhub_SAI_4","ECONOMY","21:00:00","D-26486136930006360","EDELDLX-1275239","FMPC3256238151","","2023-11-27T03:37:17.000+05:30","2023-11-27T03:37:27.000+05:30","FirozabadHub_FIR","Motherhub_SAI_4","2023-11-27T02:59:59.000+05:30"
"MotherHub_YKB","Motherhub_SAI_4","REGULAR","21:00:00","R-566549464","Ebhi_vas-487035","FMPR0513672341","","2023-11-27T04:29:38.000+05:30","2023-11-27T04:29:41.000+05:30","SirsaganjHub_SRS","SirsaganjHub_SRS","1970-01-01T05:30:00.000+05:30"
"MotherHub_YKB","Motherhub_DIC","ECONOMY","23:00:00","1579861168","EBLRBLR-666175169-1281","MYEP1007314502","","2023-11-26T23:27:02.000+05:30","2023-11-26T23:27:22.000+05:30","MotherHub_LKO","MotherHub_LKO","2023-12-01T08:30:00.000+05:30"
"MotherHub_YKB","Motherhub_SAI_4","REGULAR","21:00:00","R-566278778","Ebhi_vas-490642","FMPR0513398379","","2023-11-25T09:41:30.000+05:30","2023-11-25T09:41:37.000+05:30","SonepatHub_SOP","SonepatHub_SOP","1970-01-01T05:30:00.000+05:30"
"MotherHub_YKB","Motherhub_JKS","ECONOMY","23:00:00","H-26308734345793440","EDELDLX-1275239","FMPC3258505960","","2023-11-27T03:37:17.000+05:30","2023-11-27T03:37:27.000+05:30","FirozabadHub_FIR","Motherhub_JKS","2023-11-27T02:59:59.000+05:30"
"MotherHub_YKB","Motherhub_JKS","ECONOMY","23:00:00","C-71371478736022745","EDELDLX-1275239","FMPP2024035442","","2023-11-27T03:37:17.000+05:30","2023-11-27T03:37:27.000+05:30","FirozabadHub_FIR","Motherhub_JAI_BTS","2023-11-30T02:59:59.000+05:30"
"MotherHub_YKB","Motherhub_JKS","ECONOMY","23:00:00","1575056680","EDELDLX-1275239","MYSC1034834369","","2023-11-27T03:37:17.000+05:30","2023-11-27T03:37:27.000+05:30","FirozabadHub_FIR","MyntraMH_JIG","2023-11-23T16:30:00.000+05:30"
"MotherHub_YKB","MotherHub_STV","ECONOMY","21:00:00","F-70209591905563610","ESURSUR-663728750","FMPC3234229873","","2023-11-27T00:56:14.000+05:30","2023-11-27T00:56:24.000+05:30","RambaghODH_RAM","MotherHub_STV_BTS","2023-11-28T02:59:59.000+05:30"
"MotherHub_YKB","Motherhub_DIC","REGULAR","23:00:00","G-55048004390552261","EBLRBLR-666175169-1281","FMPC3263937581","","2023-11-26T23:27:02.000+05:30","2023-11-26T23:27:22.000+05:30","MotherHub_LKO","MotherHub_LKO","2023-12-01T02:59:59.000+05:30"
"MotherHub_YKB","Motherhub_JKS","ECONOMY","23:00:00","A-9943637857766900","EDELDLX-1275239","FMPC3263282007","","2023-11-27T03:37:17.000+05:30","2023-11-27T03:37:27.000+05:30","FirozabadHub_FIR","Motherhub_JAI_BTS","2023-11-30T02:59:59.000+05:30"
"MotherHub_YKB","Motherhub_JKS","ECONOMY","23:00:00","G-58672921981551989","EDELDLX-1275239","FMPC3257346099","","2023-11-27T03:37:17.000+05:30","2023-11-27T03:37:27.000+05:30","FirozabadHub_FIR","Motherhub_JAI_BTS","2023-11-27T02:59:59.000+05:30"
"MotherHub_YKB","Motherhub_DIC","ECONOMY","23:00:00","C-81649760204840283","EBLRBLR-666175169-1281","FMPC3263789670","","2023-11-26T23:27:02.000+05:30","2023-11-26T23:27:22.000+05:30","MotherHub_LKO","MotherHub_LKO","2023-12-03T02:59:59.000+05:30"
"MotherHub_YKB","MotherHub_STV","ECONOMY","21:00:00","H-36440148638772289","ESURSUR-663728750","FMPP2015008557","","2023-11-27T00:56:14.000+05:30","2023-11-27T00:56:24.000+05:30","RambaghODH_RAM","MotherHub_STV_BTS","2023-11-30T02:59:59.000+05:30"
"MotherHub_YKB","Motherhub_JKS","ECONOMY","23:00:00","H-73018259349346982","EDELDLX-1275239","FMPC3258471975","","2023-11-27T03:37:17.000+05:30","2023-11-27T03:37:27.000+05:30","FirozabadHub_FIR","Motherhub_JKS","2023-11-27T02:59:59.000+05:30"
"MotherHub_YKB","Motherhub_JKS","ECONOMY","23:00:00","D-35603423324155151","EDELDLX-1275239","FMPP1997211430","","2023-11-27T03:37:17.000+05:30","2023-11-27T03:37:27.000+05:30","FirozabadHub_FIR","Motherhub_JAI_BTS","2023-11-18T02:59:59.000+05:30"
"MotherHub_YKB","Motherhub_DIC","ECONOMY","23:00:00","A-70140781586682895","EBLRBLR-666175169-1281","FMPP2024059729","","2023-11-26T23:27:02.000+05:30","2023-11-26T23:27:22.000+05:30","MotherHub_LKO","MotherHub_LKO","2023-12-01T02:59:59.000+05:30"
"MotherHub_YKB","Motherhub_SAI_4","ECONOMY","21:00:00","S7913871167","Ebhi_vas-495426","FMPC3238666039","","2023-11-27T05:17:42.000+05:30","2023-11-27T05:17:48.000+05:30","Murthal_MUR","Motherhub_BTS","2023-11-19T02:59:00.000+05:30"
"MotherHub_YKB","Motherhub_JKS","REGULAR","23:00:00","D-67808936766454772","EDELDLX-1275239","FMPC3249245012","","2023-11-27T03:37:17.000+05:30","2023-11-27T03:37:27.000+05:30","FirozabadHub_FIR","Motherhub_JKS","2023-11-22T02:59:59.000+05:30"
"MotherHub_YKB","Motherhub_SAI_4","ECONOMY","21:00:00","S8996808942","EDELDLX-1275239","FMPC3258940300","","2023-11-27T03:37:17.000+05:30","2023-11-27T03:37:27.000+05:30","FirozabadHub_FIR","Motherhub_SAI_4","2023-11-26T02:59:00.000+05:30"
"MotherHub_YKB","Motherhub_DIC","ECONOMY","23:00:00","B-13373852277299510","EBLRBLR-666175169-1281","FMPC3263554596","","2023-11-26T23:27:02.000+05:30","2023-11-26T23:27:22.000+05:30","MotherHub_LKO","MotherHub_LKO","2023-12-01T02:59:59.000+05:30"
"MotherHub_YKB","Motherhub_DIC","REGULAR","23:00:00","R-566160722","Emalur_b-804196","FMPR0513315254","","2023-11-25T14:18:15.000+05:30","2023-11-25T14:18:20.000+05:30","KwarsiHighwayHub_ALG","AligarhHub_ALG","1970-01-01T05:30:00.000+05:30"
"MotherHub_YKB","Motherhub_SAI_4","REGULAR","21:00:00","R-566308109","Ebhi_vas-490642","FMPR0513420384","","2023-11-25T09:41:30.000+05:30","2023-11-25T09:41:37.000+05:30","SonepatHub_SOP","SonepatHub_SOP","1970-01-01T05:30:00.000+05:30"
"MotherHub_YKB","Motherhub_SAI_4","REGULAR","21:00:00","R-565223692","Ebhi_vas-490642","FMPR0512359857","","2023-11-25T09:41:30.000+05:30","2023-11-25T09:41:37.000+05:30","SonepatHub_SOP","SonepatHub_SOP","1970-01-01T05:30:00.000+05:30"
"MotherHub_YKB","Motherhub_DIC","REGULAR","23:00:00","R-565421958","Emalur_b-813978","FMPR0512540713","","2023-11-27T05:18:07.000+05:30","2023-11-27T05:18:15.000+05:30","Murthal_MUR","Murthal_MUR","1970-01-01T05:30:00.000+05:30"
"MotherHub_YKB","Motherhub_DIC","ECONOMY","23:00:00","S8530860653","Emalur_b-804196","FMPC3248135878","","2023-11-25T14:18:15.000+05:30","2023-11-25T14:18:20.000+05:30","KwarsiHighwayHub_ALG","Motherhub_MAL","2023-11-24T02:59:00.000+05:30"
"MotherHub_YKB","Motherhub_SAI_4","REGULAR","21:00:00","R-566014844","Ebhi_vas-490642","FMPR0513161223","","2023-11-25T09:41:30.000+05:30","2023-11-25T09:41:37.000+05:30","SonepatHub_SOP","SonepatHub_SOP","1970-01-01T05:30:00.000+05:30"
"MotherHub_YKB","Motherhub_DIC","ECONOMY","23:00:00","S8523846873","Emalur_b-804196","FMPC3242733791","","2023-11-25T14:18:15.000+05:30","2023-11-25T14:18:20.000+05:30","KwarsiHighwayHub_ALG","Motherhub_MAL","2023-11-22T02:59:00.000+05:30"
"MotherHub_YKB","Motherhub_SAI_4","ECONOMY","21:00:00","S8986715202","Ebhi_vas-495426","FMPC3250304097","","2023-11-27T05:17:42.000+05:30","2023-11-27T05:17:48.000+05:30","Murthal_MUR","Motherhub_SAI_4","2023-11-23T02:59:00.000+05:30"
"MotherHub_YKB","Motherhub_JKS","ECONOMY","23:00:00","D-54891269886623697","EDELDLX-1275239","FMPC3261023495","","2023-11-27T03:37:17.000+05:30","2023-11-27T03:37:27.000+05:30","FirozabadHub_FIR","Motherhub_GGN","2023-11-27T02:59:59.000+05:30"
"MotherHub_YKB","MotherHub_LKO","ECONOMY","12:00:00","H-52950752175554484","ESONNIC-485540","FMPC3198063760","","2023-11-25T19:58:52.000+05:30","2023-11-25T19:58:52.000+05:30","Motherhub_LKO_Flex","MotherHub_STV_BTS","2023-11-08T02:59:59.000+05:30"
"MotherHub_YKB","Motherhub_SAI_4","REGULAR","21:00:00","S7882569997","Ebhi_vas-495426","FMPC3220685913","","2023-11-27T05:17:42.000+05:30","2023-11-27T05:17:48.000+05:30","Murthal_MUR","Motherhub_BTS","2023-11-11T02:59:00.000+05:30"
"MotherHub_YKB","FirozabadHub_FIR","ECONOMY","19:00:00","1579818754","EDELDLX-1275239","MYSC1036028779","","2023-11-27T03:37:17.000+05:30","2023-11-27T03:37:29.000+05:30","FirozabadHub_FIR","FKL_MyntraBinola1","2023-11-26T06:30:00.000+05:30"
"MotherHub_YKB","Motherhub_DIC","ECONOMY","23:00:00","C-37025112112681448","EBLRBLR-666175169-1281","FMPC3262721523","","2023-11-26T23:27:02.000+05:30","2023-11-26T23:27:22.000+05:30","MotherHub_LKO","MotherHub_LKO","2023-12-01T02:59:59.000+05:30"
"MotherHub_YKB","MotherHub_STV","ECONOMY","21:00:00","F-36011880977292656","ESURSUR-663728750","FMPC3243229849","","2023-11-27T00:56:14.000+05:30","2023-11-27T00:56:24.000+05:30","RambaghODH_RAM","MotherHub_STV_BTS","2023-11-30T02:59:59.000+05:30"
"MotherHub_YKB","Motherhub_DIC","ECONOMY","23:00:00","E-27215301691370837","EBLRBLR-666175169-1281","FMPC3262737571","","2023-11-26T23:27:02.000+05:30","2023-11-26T23:27:22.000+05:30","MotherHub_LKO","MotherHub_LKO","2023-12-01T02:59:59.000+05:30"
"MotherHub_YKB","Motherhub_DIC","ECONOMY","23:00:00","H-5781970035287378","EMAATRP-661001895","FMPP2011079798","","2023-11-26T23:31:05.000+05:30","2023-11-26T23:31:18.000+05:30","MotherHub_LKO","MotherHub_CJB","2023-11-22T02:59:59.000+05:30"
"MotherHub_YKB","Motherhub_SAI_4","REGULAR","21:00:00","R-566195559","Ebhi_vas-490642","FMPR0513367660","","2023-11-25T09:41:30.000+05:30","2023-11-25T09:41:37.000+05:30","SonepatHub_SOP","SonepatHub_SOP","1970-01-01T05:30:00.000+05:30"
"MotherHub_YKB","Motherhub_DIC","ECONOMY","23:00:00","H-26681817664827463","EBLRBLR-666175169-1281","FMPP2024442216","","2023-11-26T23:27:02.000+05:30","2023-11-26T23:27:22.000+05:30","MotherHub_LKO","MotherHub_LKO","2023-12-01T02:59:59.000+05:30"
"MotherHub_YKB","Motherhub_DIC","ECONOMY","23:00:00","H-29761914244525493","EDELDLX-1275239","FMPC3252865002","","2023-11-27T03:37:17.000+05:30","2023-11-27T03:37:27.000+05:30","FirozabadHub_FIR","MotherHub_CJB","2023-11-27T02:59:59.000+05:30"
"MotherHub_YKB","MotherHub_DEL","REGULAR","03:30:00","A-12611713801466859","EDELYKBF-571631-1418","FMPP2011525532","","2023-11-18T00:33:56.000+05:30","2023-11-25T13:53:58.000+05:30","Motherhub_JKS","MotherHub_YKB_Flex","2023-11-20T02:59:59.000+05:30"
"MotherHub_YKB","Motherhub_JKS","REGULAR","23:00:00","S7943537667","ESRSSRS-660834796","FMPC3262699159","","2023-11-27T04:51:35.000+05:30","2023-11-27T04:51:40.000+05:30","FirozabadHub_FIR","GroceryMH_DEL","2023-11-25T14:30:00.000+05:30"